timestamp,open,high,low,close,volume
2023-12-29,476.4900,477.0300,473.3000,475.3100,122283149
2023-12-28,476.8800,477.5500,476.2600,476.6900,77158116
2023-12-27,475.4400,476.6600,474.8900,476.5100,63874396
2023-12-26,474.0700,476.5800,473.9900,475.6500,55386952
2023-12-22,473.8600,475.3800,471.7000,473.6500,67160419
2023-12-21,471.3300,472.9750,468.8400,472.7000,86667465
2023-12-20,473.9600,475.8950,467.8200,468.2600,102920959
2023-12-19,472.5300,474.9200,472.4500,474.8400,52024922
2023-12-18,470.9800,472.9800,469.8929,471.9700,70375285
2023-12-15,469.4900,470.7000,467.4263,469.3300,141553673
2023-12-14,472.5000,473.7300,469.2500,472.0100,119026049
2023-12-13,464.4900,470.7599,464.1200,470.5000,93277960
2023-12-12,461.6300,464.2000,460.6000,464.1000,68327617
2023-12-11,459.6900,462.1700,459.4700,461.9900,65002247
2023-12-08,457.4600,460.7450,457.2100,460.2000,83194404
2023-12-07,456.9100,458.9000,456.2900,458.2300,66995446
2023-12-06,458.8100,458.8400,454.3100,454.7600,67701116
2023-12-05,455.2600,457.5900,454.8700,456.6000,69793469
2023-12-04,455.6000,459.1206,454.3400,456.6900,72430888
2023-12-01,455.7700,459.6500,455.1600,459.1000,89183400
2023-11-30,455.4800,456.7600,453.3400,456.4000,79752700
2023-11-29,457.1500,458.3200,454.2000,454.6100,63145992
2023-11-28,454.0800,456.2700,453.5000,454.9300,62115011
2023-11-27,454.6500,455.4901,454.0799,454.4800,50505985
2023-11-24,455.0700,455.5000,454.7300,455.3000,29737375
2023-11-22,454.9800,456.3800,453.8895,455.0200,59446573
2023-11-21,453.1842,454.1310,451.9599,453.2700,49244639
2023-11-20,450.5300,455.1250,450.5200,454.2600,70055633
2023-11-17,450.2400,451.4200,449.2900,450.7900,83193902
2023-11-16,449.2200,450.5600,448.1200,450.2300,66665797
2023-11-15,450.1100,451.3800,448.8000,449.6800,77327573
2023-11-14,446.3200,450.0600,446.0900,448.7300,97176935
2023-11-13,439.2300,441.3300,438.4200,440.1900,52236068
2023-11-10,435.9800,440.9300,433.8335,440.6100,89558054
2023-11-09,438.4300,438.4700,433.4000,433.8400,83174417
2023-11-08,437.5500,438.0900,434.8700,437.2500,61746027
2023-11-07,435.6900,437.5850,434.5100,436.9300,64256114
2023-11-06,435.4700,436.1498,433.6800,435.6900,67831660
2023-11-03,433.1400,436.2900,433.0100,434.6900,100167775
2023-11-02,426.5800,430.9150,426.5600,430.7600,94938909
2023-11-01,419.2000,423.5000,418.6499,422.6600,98068115
2023-10-31,416.1800,418.5300,414.2100,418.2000,79665150
2023-10-30,413.5600,416.6800,412.2200,415.5900,86562675
2023-10-27,414.1900,414.6000,409.2100,410.6800,107367671
2023-10-26,416.4500,417.3250,411.6000,412.5500,115156761
2023-10-25,421.8900,421.9200,417.0150,417.5500,94223198
2023-10-24,422.6500,424.8200,420.7400,423.6300,78564239
2023-10-23,419.6100,424.4500,417.8000,420.4600,92035095
2023-10-20,425.9800,426.5400,421.0800,421.1900,123919874
2023-10-19,430.9500,432.8200,425.7250,426.4300,121322957
2023-10-18,434.1900,435.1800,429.0900,430.2100,93559798
2023-10-17,432.8100,438.1400,432.4500,436.0200,75324708
2023-10-16,433.8200,437.1400,433.5700,436.0400,75433194
2023-10-13,435.2100,436.4500,429.8800,431.5000,95201132
2023-10-12,436.9500,437.3350,431.2300,433.6600,81154230
2023-10-11,435.6400,436.5800,433.1800,436.3200,62451736
2023-10-10,432.9400,437.2200,432.5300,434.5400,78607268
2023-10-09,427.5800,432.8800,427.0101,432.2900,80374362
2023-10-06,421.9700,431.1250,420.6000,429.5400,113273309
2023-10-05,424.3600,425.3700,421.1701,424.5000,70142744
2023-10-04,422.0700,425.4299,420.5600,424.6600,87452968
2023-10-03,425.0600,427.3729,420.1800,421.5900,103760607
2023-10-02,426.6200,428.6000,424.4600,427.3100,83798599
2023-09-29,431.6700,431.8500,425.9100,427.4800,115111319
2023-09-28,425.4800,430.2499,424.8700,428.5200,92258308
2023-09-27,427.0900,427.6700,422.2900,426.0500,104705847
2023-09-26,429.0900,429.8200,425.0200,425.8800,96168436
2023-09-25,429.1700,432.2700,428.7200,432.2300,70874534
2023-09-22,432.4500,434.1000,429.9900,430.4200,100829684
2023-09-21,435.7000,435.9700,431.2300,431.3900,104095826
2023-09-20,444.0100,444.4350,438.4300,438.6400,82562602
2023-09-19,442.6800,443.2900,439.9400,442.7100,66514648
2023-09-18,443.0500,444.9700,442.5600,443.6300,55752213
2023-09-15,447.1400,447.4800,442.9200,443.3700,111848859
2023-09-14,449.0700,451.0800,447.7150,450.3600,83430814
2023-09-13,446.2200,447.7100,445.0793,446.5100,60199272
2023-09-12,446.9500,448.5300,445.3900,445.9900,67565422
2023-09-11,448.2400,448.7700,446.4699,448.4500,60180118
2023-09-08,444.9000,447.1100,444.5300,445.5200,62068437
2023-09-07,443.1100,445.5500,442.7500,444.8500,70355426
2023-09-06,448.4000,448.5100,443.8100,446.2200,70758512
2023-09-05,450.7300,451.0600,449.1700,449.2400,55166210
2023-09-01,453.1700,453.6700,449.6800,451.1900,58944098
2023-08-31,451.6500,452.8300,450.1600,450.3500,66084563
2023-08-30,449.5100,451.6700,448.7800,451.0100,69053911
2023-08-29,442.6500,449.4500,442.4600,449.1600,83081916
2023-08-28,442.2400,443.4000,439.9728,442.7600,61595393
2023-08-25,438.6800,441.3000,435.0000,439.9700,102325103
2023-08-24,444.6900,445.2200,436.8550,436.8900,88517272
2023-08-23,439.2500,443.6700,439.1000,443.0300,68441021
2023-08-22,441.1800,441.1800,437.5700,438.1500,65062861
2023-08-21,437.5500,440.1100,435.3200,439.3400,68718957
2023-08-18,433.3700,437.5700,433.0100,436.5000,98851960
2023-08-17,441.1600,441.4300,435.7500,436.2900,95711315
2023-08-16,442.4600,444.1800,439.5300,439.6400,80107206
2023-08-15,446.2700,446.6400,442.3000,442.8900,75707534
2023-08-14,444.7000,448.1100,444.3800,448.1100,47867441
2023-08-11,443.9700,446.7007,443.3450,445.6500,68690902
2023-08-10,448.1900,451.7000,444.7000,445.9100,93005495
2023-08-09,449.0300,449.1999,444.9600,445.7500,78789575
2023-08-08,448.0800,450.6952,445.2705,448.7500,71361324
2023-08-07,448.7100,450.8650,447.9900,450.7100,58357464
2023-08-04,450.7200,452.8950,446.2700,446.8100,100128902
2023-08-03,448.0400,450.7900,447.3700,448.8400,64419692
2023-08-02,453.2500,453.5200,449.3499,450.1300,93933369
2023-08-01,456.2700,457.2500,455.4900,456.4800,55502199
2023-07-31,457.4100,458.1600,456.0450,457.7900,62040449
2023-07-28,455.8800,457.7800,452.4918,456.9200,80011790
2023-07-27,459.0200,459.4400,451.5500,452.4900,92194375
2023-07-26,454.4700,456.9900,453.3800,455.5100,71052885
2023-07-25,453.9200,456.7350,453.8700,455.4400,55191240
2023-07-24,453.3700,455.0400,452.2980,454.2000,54023382
2023-07-21,453.9600,454.1650,452.1700,452.1800,71275618
2023-07-20,454.1700,455.1000,451.4400,452.1800,70591642
2023-07-19,455.0100,456.4300,454.1119,455.2000,65891688
2023-07-18,450.5000,454.8600,450.0484,454.1900,80744448
2023-07-17,449.1300,451.9300,449.0800,450.8400,52680221
2023-07-14,450.4750,451.3600,448.4900,449.2800,69815823
2023-07-13,447.9000,450.3800,447.4500,449.5600,72425241
2023-07-12,446.3900,447.4799,444.9100,446.0200,91924527
2023-07-11,440.4500,442.9700,439.4400,442.4600,64463752
2023-07-10,438.1800,439.8400,437.5850,439.6600,62443501
2023-07-07,438.6300,442.6400,438.3000,438.5500,86134178
2023-07-06,439.4200,440.1000,437.0600,439.6600,80658302
2023-07-05,441.9100,443.8890,441.9000,443.1300,58418432
2023-07-03,442.9200,444.0800,442.6300,443.7900,32793378
2023-06-30,441.4400,444.3000,441.1100,443.2800,104964019
2023-06-29,435.9600,438.2800,435.5400,438.1100,67882304
2023-06-28,435.0500,437.4400,434.4100,436.3900,75635976
2023-06-27,432.3500,436.8100,431.8800,436.1700,72813699
2023-06-26,432.6200,434.6100,431.1900,431.4400,72823560
2023-06-23,432.9300,435.0600,432.4700,433.2100,92074537
2023-06-22,433.9500,436.6200,433.6000,436.5100,70637175
2023-06-21,436.1600,436.9900,434.3300,434.9400,76982251
2023-06-20,437.4500,438.3700,435.0300,437.1800,76160359
2023-06-16,443.0200,443.6078,438.9700,439.4600,114165849
2023-06-15,436.3300,443.9000,436.2300,442.6000,110303091
2023-06-14,437.0100,439.0612,433.5900,437.1800,100612080
2023-06-13,435.3200,437.3300,434.6300,436.6600,95899704
2023-06-12,430.9200,433.8800,430.1700,433.8000,76256703
2023-06-09,429.9600,431.9900,428.8700,429.9000,85647268
2023-06-08,426.6200,429.6000,425.8200,429.1300,61952842
2023-06-07,428.4400,429.6200,426.1100,426.5500,85373275
2023-06-06,426.6700,428.5772,425.9900,428.0300,64022175
2023-06-05,428.2800,429.6200,426.3700,427.1000,65460158
2023-06-02,424.5000,428.7400,423.9500,427.9200,91426171
2023-06-01,418.0900,422.9200,416.7900,421.8200,88865018
2023-05-31,418.2800,419.2200,416.2200,417.8500,106350372
2023-05-30,422.0300,422.5800,418.7350,420.1800,72215960
2023-05-26,415.3300,420.7700,415.2500,420.0200,93829975
2023-05-25,414.7400,416.1600,412.4101,414.6500,90961606
2023-05-24,412.4200,412.8200,409.8795,411.0900,89213678
2023-05-23,417.0800,418.7220,413.6800,414.0900,86383493
2023-05-22,418.6400,420.3900,417.3500,418.7900,60745399
2023-05-19,420.1700,420.7200,417.3500,418.6200,103793317
2023-05-18,414.9000,419.6700,414.6700,419.2300,97177195
2023-05-17,412.3500,415.8550,410.6350,415.2300,87286957
2023-05-16,411.8600,412.8150,410.2400,410.2500,57705495
2023-05-15,412.2200,413.4300,410.2300,413.0100,54289383
2023-05-12,413.4200,413.6400,409.0700,411.5900,70481548
2023-05-11,411.9500,412.4300,409.9700,412.1300,70157064
2023-05-10,413.8800,414.5350,408.8700,412.8500,96142922
2023-05-09,411.1300,412.0900,410.6894,410.9300,49220119
2023-05-08,412.9700,413.2400,411.2800,412.7400,50046768
2023-05-05,408.9100,413.7200,408.6400,412.6300,87891791
2023-05-04,406.9300,407.2700,403.7400,405.1300,94901863
2023-05-03,411.3600,413.8700,407.7700,408.0200,91531769
2023-05-02,414.7700,414.8200,407.8200,410.8400,103998484
2023-05-01,415.4700,417.6200,415.2650,415.5100,62122254
2023-04-28,411.4900,415.9400,411.4300,415.9300,89433137
2023-04-27,407.0000,412.6900,406.7400,412.4100,92968369
2023-04-26,406.7200,407.8400,403.7800,404.3600,78319853
2023-04-25,410.5800,411.1600,406.0200,406.0800,97766721
2023-04-24,411.9900,413.0700,410.6000,412.6300,64332095
2023-04-21,412.1900,412.6800,410.1700,412.2000,73457422
2023-04-20,411.2100,413.7000,410.2700,411.8800,75840359
2023-04-19,412.2200,415.0800,412.1600,414.1400,55227330
2023-04-18,415.5800,415.7200,412.7802,414.2100,63559997
2023-04-17,412.3700,413.9600,411.0850,413.9400,65496534
2023-04-14,412.8100,415.0900,410.0600,412.4600,78161500
2023-04-13,409.1800,413.8400,407.9922,413.4700,85814754
2023-04-12,411.8700,412.1700,407.4400,408.0500,86420379
2023-04-11,410.2600,411.1800,408.9200,409.7200,59297945
2023-04-10,406.6100,409.6900,405.9700,409.6100,63681042
2023-04-06,406.7700,409.4800,405.6780,409.1900,63743345
2023-04-05,407.9100,408.7000,405.8800,407.6000,65200243
2023-04-04,411.6200,411.9200,407.2400,408.6700,66601534
2023-04-03,408.8500,411.3700,408.4400,410.9500,67391097
2023-03-31,404.6600,409.7000,404.5500,409.3900,112062624
2023-03-30,404.0900,404.3500,401.7600,403.7000,69840049
2023-03-29,399.9250,401.6000,398.6800,401.3500,77497876
2023-03-28,395.7700,396.4900,393.6900,395.6000,62871680
2023-03-27,398.1200,398.9200,395.5600,396.4900,74010408
2023-03-24,391.8410,395.8400,389.4000,395.7500,107770124
2023-03-23,395.0900,399.2900,390.3500,393.1700,119351319
2023-03-22,398.7300,402.4900,392.0700,392.1100,111746583
2023-03-21,397.2400,399.4100,395.5800,398.9100,91524248
2023-03-20,390.8000,394.1700,390.0700,393.7400,93055783
2023-03-17,393.2200,394.4000,388.5500,389.9900,140553411
2023-03-16,386.8200,396.4700,386.2900,396.1100,143753940
2023-03-15,385.8900,389.4900,383.7100,389.2800,172996933
2023-03-14,390.5000,393.4500,387.0500,391.7300,149752357
2023-03-13,381.8100,390.3900,380.6500,385.3600,157789967
2023-03-10,390.9900,393.1600,384.3200,385.9100,189252996
2023-03-09,399.7400,401.4800,390.5300,391.5600,111945322
2023-03-08,398.3900,399.7100,396.5900,398.9200,74746632
2023-03-07,404.4200,404.6700,397.6250,398.2700,108310596
2023-03-06,405.0500,407.4500,404.0100,404.4700,72795946
2023-03-03,399.7100,404.4500,399.0300,404.1900,90119952
2023-03-02,392.6800,398.6900,392.3300,397.8100,85404726
2023-03-01,395.4100,396.6900,393.3800,394.7400,99706823
2023-02-28,397.2300,399.2800,396.1500,396.2600,96438567
2023-02-27,399.8700,401.2900,396.7500,397.7300,80444736
2023-02-24,395.4200,397.2500,393.6400,396.3800,108194413
2023-02-23,401.5600,402.2000,396.2500,400.6600,96242399
2023-02-22,399.5200,401.1300,397.0200,398.5400,83742293
2023-02-21,403.0600,404.1600,398.8200,399.0900,82655924
2023-02-17,406.0600,407.5100,404.0500,407.2600,89257815
2023-02-16,408.7900,412.9100,408.1400,408.2800,76431469
2023-02-15,410.3500,414.0600,409.4700,413.9800,61685279
2023-02-14,411.2400,415.0500,408.5110,412.6400,88389313
2023-02-13,408.7200,412.9700,408.2400,412.8300,64913539
2023-02-10,405.8600,408.4400,405.0100,408.0400,70769715
2023-02-09,414.4100,414.5700,405.8100,407.0900,78694859
2023-02-08,413.1300,414.5300,409.9300,410.6500,76227462
2023-02-07,408.8700,416.4900,407.5700,415.1900,90990745
2023-02-06,409.7900,411.2900,408.1000,409.8300,60295325
2023-02-03,411.5900,416.9700,411.0900,412.3500,94736781
2023-02-02,414.8600,418.3100,412.8800,416.7800,101654463
2023-02-01,405.2110,413.6700,402.3500,410.8000,101459155
2023-01-31,401.1300,406.5300,400.7700,406.4800,86811786
2023-01-30,402.8000,405.1300,400.2800,400.5900,74202018
2023-01-27,403.6550,408.1600,403.4400,405.6800,68346180
2023-01-26,403.1300,404.9200,400.0300,404.7500,72287425
2023-01-25,395.9500,400.7000,393.5600,400.3500,84800251
2023-01-24,398.8800,401.1500,397.6400,400.2000,59524911
2023-01-23,396.7200,402.6450,395.7200,400.6300,84178797
2023-01-20,390.1000,396.0400,388.3800,395.8800,91806356
2023-01-19,389.3600,391.0800,387.2600,388.6400,86958919
2023-01-18,399.0100,400.1200,391.2800,391.4900,99632262
2023-01-17,398.4800,400.2300,397.0600,397.7700,62677281
2023-01-13,393.6200,399.1000,393.3400,398.5000,63903932
2023-01-12,396.6700,398.4850,392.4200,396.9600,90157699
2023-01-11,392.2300,395.6000,391.3800,395.5200,68881080
2023-01-10,387.2500,390.6500,386.2700,390.5800,65358094
2023-01-09,390.3700,393.7000,387.6700,387.8600,73978071
2023-01-06,382.6100,389.2500,379.4127,388.0800,104189603
2023-01-05,381.7200,381.8400,378.7600,379.3800,76970456
2023-01-04,383.1800,385.8800,380.0000,383.7600,85934098
2023-01-03,384.3700,386.4300,377.8310,380.8200,74850731
2022-12-30,380.6400,382.5800,378.4300,382.4300,84022205
2022-12-29,379.6300,384.3500,379.0800,383.4400,66970877
2022-12-28,381.3300,383.3900,376.4200,376.6600,70911520
2022-12-27,382.7900,383.1500,379.6500,381.4000,51638180
2022-12-23,379.6500,383.0600,378.0300,382.9100,59857329
2022-12-22,383.0500,386.2134,374.7700,380.7200,100120855
2022-12-21,383.2500,387.4100,382.6900,386.2300,78167369
2022-12-20,379.2300,382.2300,377.8500,380.5400,74427240
2022-12-19,383.4700,383.8200,378.2800,380.0200,79878103
2022-12-16,385.1800,386.5750,381.0400,383.2700,119857952
2022-12-15,394.3000,395.2500,387.8850,389.6300,117705889
2022-12-14,401.6100,405.5000,396.3100,399.4000,108111349
2022-12-13,410.2200,410.4900,399.0700,401.9700,123782534
2022-12-12,394.1100,398.9500,393.4120,398.9500,75405835
2022-12-09,394.9400,397.6200,393.1500,393.2800,81447733
2022-12-08,395.1400,397.3600,393.2684,396.2400,60737912
2022-12-07,392.9400,395.6400,391.9700,393.1600,65927896
2022-12-06,399.4200,399.9900,391.6400,393.8300,77972217
2022-12-05,403.9500,404.9300,398.1700,399.5900,77289815
2022-12-02,402.2500,407.8600,402.1400,406.9100,85342731
2022-12-01,408.7700,410.0000,404.7500,407.3800,76398170
2022-11-30,395.4900,407.6800,393.4800,407.6800,144566653
2022-11-29,396.0500,397.3000,393.3000,395.2300,52310039
2022-11-28,399.0900,400.8100,395.1100,395.9100,68021749
2022-11-25,401.8300,402.9100,401.5350,402.3300,30545434
2022-11-23,399.5500,402.9300,399.3100,402.4200,68261628
2022-11-22,396.6300,400.0700,395.1527,399.9000,60429025
2022-11-21,394.6400,395.8200,392.6600,394.5900,51243189
2022-11-18,397.7400,397.8100,393.0400,396.0300,92922451
2022-11-17,390.4600,394.9500,390.1400,394.2400,74496255
2022-11-16,396.7800,397.7800,394.7900,395.4500,68508454
2022-11-15,401.1500,402.3100,394.4900,398.4900,93194452
2022-11-14,396.6600,400.1799,394.8300,395.1200,71893165
2022-11-11,395.5900,399.3500,393.6100,398.5100,93839872
2022-11-10,388.0500,395.0400,385.6420,394.6900,141455847
2022-11-09,379.9300,381.1400,373.6100,374.1300,78495470
2022-11-08,381.1100,385.1200,377.7200,382.0000,84641062
2022-11-07,377.7100,380.5700,375.5300,379.9500,68286947
2022-11-04,377.0000,378.8700,370.0000,376.3500,103505182
2022-11-03,371.4650,374.2000,368.7900,371.0100,87100115
2022-11-02,383.9000,388.6300,374.7600,374.8700,126990356
2022-11-01,390.1400,390.3900,383.2900,384.5200,85407598
2022-10-31,386.4400,388.4000,385.2600,386.2100,96631258
2022-10-28,379.8700,389.5200,379.6800,389.0200,100301958
2022-10-27,383.0700,385.0000,379.3300,379.9800,81971756
2022-10-26,381.6200,387.5800,381.3500,382.0200,104087348
2022-10-25,378.7900,385.2500,378.6710,384.9200,78846348
2022-10-24,375.8900,380.0600,373.1100,378.8700,85436907
2022-10-21,365.1200,374.8000,363.5400,374.2900,131038379
2022-10-20,368.0300,372.6700,364.6100,365.4100,88283087
2022-10-19,368.9900,371.8500,365.5500,368.5000,79746863
2022-10-18,375.1300,375.4500,367.5200,371.1300,97162850
2022-10-17,364.0100,367.9799,357.2808,366.8200,93168231
2022-10-14,368.5500,370.2600,356.9600,357.6300,123737013
2022-10-13,349.2050,367.5100,348.1100,365.9700,147254518
2022-10-12,358.1700,359.8179,356.3000,356.5600,76991799
2022-10-11,358.2350,363.0300,355.7100,357.7400,92482785
2022-10-10,363.9600,364.2100,357.6700,360.0200,76042765
2022-10-07,368.9700,373.2933,360.9400,362.7900,107789498
2022-10-06,375.6200,378.7200,372.6800,373.2000,82333543
2022-10-05,373.3900,379.4600,370.9500,377.0900,88065669
2022-10-04,372.4000,378.0000,366.5677,377.9700,103602775
2022-10-03,361.0800,368.5500,359.2100,366.6100,89756479
2022-09-30,361.8000,365.9100,357.0400,357.1800,153711243
2022-09-29,366.8100,367.1100,359.7000,362.7900,112952315
2022-09-28,364.3800,372.3000,362.6000,370.5300,110802217
2022-09-27,368.0200,370.4000,360.8700,363.3800,108294074
2022-09-26,366.4100,370.2100,363.0299,364.3100,92581244
2022-09-23,370.5800,370.6200,363.2900,367.9500,122346933
2022-09-22,376.5800,377.6600,373.4400,374.2200,87465927
2022-09-21,386.1100,389.3100,377.3800,377.3900,106746554
2022-09-20,385.0600,386.1200,381.1950,384.0900,77274882
2022-09-19,382.2600,388.5500,382.1784,388.5500,73278490
2022-09-16,384.1400,386.2500,382.1100,385.5600,103084819
2022-09-15,392.9600,395.9600,388.7800,390.1200,87633840
2022-09-14,394.4700,396.2000,391.1200,394.6000,85023747
2022-09-13,401.8300,403.1000,391.9200,393.1000,122947081
2022-09-12,408.7800,411.7300,408.4600,410.9700,69256262
2022-09-09,402.7400,407.5100,402.4600,406.6000,76706918
2022-09-08,395.3900,400.8600,394.1200,400.3800,80821681
2022-09-07,390.4300,398.5900,390.2000,397.7800,70964232
2022-09-06,393.1300,394.1200,388.4200,390.7600,74798116
2022-09-02,400.2800,401.5550,390.3300,392.2400,99632149
2022-09-01,392.8900,396.7800,390.0400,396.4200,78740084
2022-08-31,399.9300,401.2400,395.0400,395.1800,76029671
2022-08-30,403.8500,404.1000,396.0000,398.2100,85652443
2022-08-29,402.2000,405.8400,401.1999,402.6300,64289165
2022-08-26,419.3900,419.9600,405.2500,405.3100,103086976
2022-08-25,415.2400,419.5600,414.0900,419.5100,50942252
2022-08-24,412.1100,415.1101,411.3900,413.6700,49177804
2022-08-23,412.9000,415.4200,411.7700,412.3500,49105249
2022-08-22,417.0500,417.2300,412.4000,413.3500,77695640
2022-08-19,424.9800,425.2600,421.2200,422.1400,68016902
2022-08-18,426.8600,428.6100,425.5000,427.8900,49023206
2022-08-17,425.9100,429.5000,424.5400,426.6500,63563394
2022-08-16,427.7300,431.7300,426.8800,429.7000,59289039
2022-08-15,424.7650,429.4100,424.7100,428.8600,54048280
2022-08-12,422.0300,427.2100,421.0300,427.1000,61694542
2022-08-11,422.9900,424.9500,419.2100,419.9900,59489704
2022-08-10,418.7800,420.1400,416.7200,419.9900,68665712
2022-08-09,412.2200,412.7500,410.2200,411.3500,44931772
2022-08-08,415.2500,417.6200,411.8300,412.9900,54025965
2022-08-05,409.6600,414.1500,409.6000,413.4700,56814929
2022-08-04,414.3700,415.0900,412.4400,414.1700,45656574
2022-08-03,410.3000,415.6800,410.0000,414.4500,67820555
2022-08-02,409.1200,413.0000,406.8200,408.0600,63435418
2022-08-01,409.1500,413.4100,408.4000,410.7700,69997471
2022-07-29,407.5800,413.0300,406.7700,411.9900,87003672
2022-07-28,401.8900,406.8000,398.1500,406.0700,73966563
2022-07-27,394.3600,402.8800,394.0500,401.0400,82342106
2022-07-26,393.8400,394.0600,389.9500,390.8900,52946393
2022-07-25,395.7500,396.4700,393.2100,395.5700,53631485
2022-07-22,398.9200,400.1800,392.7500,395.0900,72197332
2022-07-21,394.1600,398.8400,391.6300,398.7900,64903856
2022-07-20,392.4700,396.2600,391.0300,394.7700,71843769
2022-07-19,386.0800,392.8700,385.3900,392.2700,78505972
2022-07-18,388.3800,389.0900,380.6600,381.9500,63203626
2022-07-15,382.5500,385.2500,380.5400,385.1300,79060383
2022-07-14,373.6100,379.0498,371.0400,377.9100,89704819
2022-07-13,375.1000,381.9200,374.6580,378.8300,84224649
2022-07-12,383.6500,386.1600,378.9900,380.8300,62219178
2022-07-11,385.8500,386.8700,383.5000,384.2300,58366945
2022-07-08,387.2700,390.6400,385.6600,388.6700,72397765
2022-07-07,385.1200,389.8300,383.2670,388.9900,64525919
2022-07-06,382.1100,385.8700,379.6000,383.2500,70426244
2022-07-05,375.8800,381.9800,372.9000,381.9600,81437965
2022-07-01,376.5600,381.7000,373.8000,381.2400,74839729
2022-06-30,376.2400,380.6582,372.5600,377.2500,112508273
2022-06-29,381.2300,382.2700,378.4200,380.3400,65675999
2022-06-28,390.2300,393.1600,380.5300,380.6500,86689824
2022-06-27,391.0500,391.3600,387.4400,388.5900,66009617
2022-06-24,381.4000,390.0900,381.3650,390.0800,98050333
2022-06-23,376.6400,378.8300,372.8900,378.0600,79292135
2022-06-22,370.6200,378.7200,370.1800,374.3900,90059424
2022-06-21,371.8900,376.5250,371.8100,375.0700,76811861
2022-06-17,365.5100,369.3800,362.1700,365.8600,111113904
2022-06-16,370.5100,370.9400,364.0799,366.6500,134473288
2022-06-15,377.3600,383.9000,372.1200,379.2000,125666797
2022-06-14,376.8500,377.9400,370.5900,373.8700,104011831
2022-06-13,379.8500,381.8100,373.3000,375.0000,170004861
2022-06-10,394.8800,395.7777,389.7500,389.8000,132893864
2022-06-09,409.3400,411.7400,401.4400,401.4400,86289796
2022-06-08,413.9300,415.8200,410.3800,411.2200,64349966
2022-06-07,408.1000,416.2200,407.6100,415.7400,59272373
2022-06-06,414.7800,416.6090,410.5523,411.7900,57508858
2022-06-03,412.4000,414.0400,409.5100,410.5400,71874281
2022-06-02,409.4200,417.4400,407.0400,417.3900,79609633
2022-06-01,415.1700,416.2400,406.9300,409.5900,86585813
2022-05-31,413.5500,416.4600,410.0300,412.9300,95936980
2022-05-27,407.9100,415.3801,407.7000,415.2600,84768710
2022-05-26,398.6700,407.0400,398.4500,405.3100,82168339
2022-05-25,392.3100,399.4500,391.8900,397.3700,91472866
2022-05-24,392.5600,395.1500,386.9600,393.8900,91448831
2022-05-23,392.8300,397.7300,390.3800,396.9200,76414878
2022-05-20,393.2500,397.0300,380.5400,389.6300,131432197
2022-05-19,388.6200,394.1400,387.1100,389.4600,98510715
2022-05-18,403.5000,403.8000,390.5500,391.8600,117674545
2022-05-17,406.5300,408.5700,402.5824,408.3200,83029710
2022-05-16,399.9800,403.9700,397.6000,400.0900,78622444
2022-05-13,396.7100,403.1800,395.6100,401.7200,104174421
2022-05-12,389.3700,395.8000,385.1500,392.3400,125090753
2022-05-11,398.0700,404.0400,391.9600,392.7500,142360992
2022-05-10,404.4900,406.0800,394.8200,399.0900,132497200
2022-05-09,405.1000,406.4100,396.5000,398.1700,155586067
2022-05-06,411.1000,414.8000,405.7300,411.3400,151770811
2022-05-05,424.5500,425.0000,409.4400,413.8100,172929106
2022-05-04,417.0800,429.6600,413.7099,429.0600,141106960
2022-05-03,415.0100,418.9300,413.3600,416.3800,100028190
2022-05-02,412.0700,415.9200,405.0200,414.4800,158312526
2022-04-29,423.5900,425.8700,411.2100,412.0000,145491088
2022-04-28,422.2900,429.6400,417.6000,427.8100,105449088
2022-04-27,417.2400,422.9200,415.0100,417.2700,122029990
2022-04-26,425.8300,426.0400,416.0700,416.1000,100647304
2022-04-25,423.6700,428.6900,418.8400,428.5100,119647748
2022-04-22,436.9100,438.0825,425.4400,426.0400,132471772
2022-04-21,448.5400,450.0100,437.1000,438.0600,85417327
2022-04-20,446.9200,447.5700,443.4800,444.7100,64140001
2022-04-19,437.8600,445.8000,437.6800,445.0400,77821013
2022-04-18,436.8100,439.7500,435.6100,437.9700,66002498
2022-04-14,443.5500,444.7301,437.6800,437.7900,97869451
2022-04-13,438.0300,444.1100,437.8400,443.3100,74070394
2022-04-12,443.0800,445.7500,436.6501,438.2900,84363635
2022-04-11,444.1100,445.0000,439.3900,439.9200,89770538
2022-04-08,447.9700,450.6300,445.9400,447.5700,79272711
2022-04-07,445.5900,450.6900,443.5300,448.7700,78097214
2022-04-06,446.8900,448.9300,443.4700,446.5200,106897970
2022-04-05,455.2200,457.8300,449.8200,451.0300,72741037
2022-04-04,453.1300,456.9100,452.2600,456.8000,59601000
2022-04-01,453.3100,453.4600,449.1400,452.9200,89048773
2022-03-31,457.8900,458.7600,451.1600,451.6400,121699948
2022-03-30,460.3400,461.1950,456.4650,458.7000,79666942
2022-03-29,460.0200,462.0700,457.1800,461.5500,86581542
2022-03-28,452.0600,455.9100,450.0600,455.9100,68529767
2022-03-25,451.1600,452.9800,448.4300,452.6900,76123606
2022-03-24,445.9400,450.5000,444.7600,450.4900,64736892
2022-03-23,446.9100,448.4900,443.7100,443.8000,79426098
2022-03-22,445.8600,450.5800,445.8600,449.5900,73464881
2022-03-21,444.3400,446.4600,440.6800,444.3900,87350111
2022-03-18,438.0000,444.8600,437.2200,444.5200,102665985
2022-03-17,433.5900,441.0700,433.1900,441.0700,102676870
2022-03-16,429.8900,435.6800,424.8000,435.6200,144954805
2022-03-15,419.7700,426.8400,418.4200,426.1700,106219117
2022-03-14,420.8900,424.5500,415.7900,417.0000,95729188
2022-03-11,428.1200,428.7700,419.5300,420.0700,95636277
2022-03-10,422.5200,426.4300,420.4400,425.4800,93972655
2022-03-09,425.1400,429.5100,422.8200,427.4100,116990765
2022-03-08,419.6200,427.2100,415.1200,416.2500,164772744
2022-03-07,431.5500,432.3018,419.3600,419.4300,137896560
2022-03-04,431.7500,433.3700,427.8800,432.1700,114083256
2022-03-03,440.4700,441.1100,433.8000,435.7100,105501715
2022-03-02,432.3700,439.7200,431.5700,437.8900,117726525
2022-03-01,435.0400,437.1700,427.1100,429.9800,137785908
2022-02-28,432.0300,438.2000,430.7000,436.6300,145615029
2022-02-25,429.6100,437.8400,427.8600,437.7500,121804459
2022-02-24,411.0200,428.7600,410.6400,428.3000,213942946
2022-02-23,432.6600,433.2600,421.3500,421.9500,132578005
2022-02-22,431.8900,435.5000,425.8600,429.5700,122145129
2022-02-18,437.3300,438.6600,431.8200,434.2300,132642896
2022-02-17,443.2200,446.5652,436.4200,437.0600,102259108
2022-02-16,443.9300,448.0550,441.9400,446.6000,84863585
2022-02-15,443.7300,446.2800,443.1800,446.1000,88659503
2022-02-14,439.9200,441.6000,435.3400,439.0200,123006262
2022-02-11,449.4100,451.6050,438.9400,440.4600,153214597
2022-02-10,451.3400,457.7100,447.2000,449.3200,140103712
2022-02-09,455.2200,457.8800,455.0050,457.5400,92589929
2022-02-08,446.7300,451.9200,445.2200,450.9400,81012036
2022-02-07,449.5100,450.9900,445.8500,447.2600,84472859
2022-02-04,446.3500,452.7800,443.8300,448.7000,118454352
2022-02-03,450.9500,452.9700,445.7100,446.6000,118024442
2022-02-02,455.5000,458.1200,453.0500,457.3500,117360953
2022-02-01,450.6800,453.6300,446.9384,452.9500,123155382
2022-01-31,441.2400,450.2800,439.8100,449.9100,152251425
2022-01-28,432.6800,442.0000,427.8200,441.9500,164457370
2022-01-27,438.2600,441.5900,429.4500,431.2400,149878307
2022-01-26,440.7200,444.0400,428.8600,433.3800,186391088
2022-01-25,433.0600,439.7200,427.1500,434.4700,167997325
2022-01-24,432.0300,440.3800,420.7600,439.8400,252496719
2022-01-21,445.5600,448.0600,437.9500,437.9800,202271241
2022-01-20,453.7500,458.7400,444.5000,446.7500,122379696
2022-01-19,458.1300,459.6124,451.4600,451.7500,104945382
2022-01-18,459.7400,459.9600,455.3100,456.4900,107848237
2022-01-14,461.1900,465.0900,459.9000,464.7200,95890948
2022-01-13,472.1900,472.8800,463.4400,464.5300,91173121
2022-01-12,471.5900,473.2000,468.9400,471.0200,67605444
2022-01-11,465.2300,469.8500,462.0500,469.7500,73332978
2022-01-10,462.7000,465.7400,456.5973,465.5100,119361989
2022-01-07,467.9500,469.2000,464.6500,466.0900,85111593
2022-01-06,467.8900,470.8200,465.4300,467.9400,86858900
2022-01-05,477.1600,477.9800,468.2801,468.3800,104538940
2022-01-04,479.2200,479.9800,475.5800,477.5500,71178678
2022-01-03,476.3000,477.8500,473.8500,477.7100,72668233
2021-12-31,475.6400,476.8600,474.6700,474.9600,63617437
2021-12-30,477.9300,479.0000,475.6700,476.1600,55329041
2021-12-29,476.9800,478.5600,475.9200,477.4800,54502964
2021-12-28,477.7200,478.8100,476.0600,476.8700,47274585
2021-12-27,472.0600,477.3100,472.0100,477.2600,56808619
2021-12-23,468.7500,472.1900,468.6400,470.6000,56439745
2021-12-22,462.7900,467.8100,462.5800,467.6900,58890223
2021-12-21,458.6100,463.2100,456.3100,463.0600,69806260
2021-12-20,454.4800,455.4000,451.1400,454.9800,107134822
2021-12-17,461.5500,464.7400,458.0600,459.8700,135636510
2021-12-16,472.5700,472.8700,464.8000,466.4500,116568626
2021-12-15,463.4200,470.8600,460.7400,470.6000,116899251
2021-12-14,463.0900,465.7400,460.2500,463.3600,97264128
2021-12-13,470.1900,470.5600,466.2700,466.5700,87724680
2021-12-10,469.2300,470.9000,466.5100,470.7400,77159757
2021-12-09,468.1500,469.6291,466.1400,466.3500,61272568
2021-12-08,468.7000,470.0000,466.8300,469.5200,72238777
2021-12-07,464.4100,468.8800,458.6546,468.2800,95484688
2021-12-06,456.1300,460.7900,453.5600,458.7900,98977532
2021-12-03,459.1700,460.3000,448.9200,453.4200,137331647
2021-12-02,450.7300,459.0700,450.3100,457.4000,127637758
2021-12-01,461.6400,464.6700,450.2900,450.5000,132485835
2021-11-30,462.0000,464.0300,455.3000,455.5600,148559598
2021-11-29,464.0700,466.5600,461.7300,464.6000,86268818
2021-11-26,462.3400,463.9000,457.7700,458.9700,112669636
2021-11-24,466.0600,469.5700,465.1900,469.4400,61858813
2021-11-23,467.2200,469.0950,464.4500,468.1900,73206538
2021-11-22,470.8900,473.5400,467.3500,467.5700,72761954
2021-11-19,469.6100,470.9400,468.5000,468.8900,57315573
2021-11-18,469.2400,470.0100,466.3400,469.7300,50625607
2021-11-17,469.0000,469.1900,467.4800,468.1400,47858289
2021-11-16,467.1500,470.4850,467.0700,469.2800,48857502
2021-11-15,468.6400,468.8100,466.2300,467.4300,46980500
2021-11-12,465.1200,467.8600,464.1100,467.2700,51018081
2021-11-11,465.2100,465.2900,463.7500,463.7700,34848495
2021-11-10,465.5800,467.3800,462.0400,463.6200,69429653
2021-11-09,469.3200,469.5700,465.8800,467.3800,50232447
2021-11-08,469.7000,470.2300,468.2031,468.9300,50405194
2021-11-05,469.2800,470.6500,466.9200,468.5300,66390563
2021-11-04,465.3600,467.0000,464.9900,466.9100,52847087
2021-11-03,461.3000,465.1500,460.8300,464.7200,52509825
2021-11-02,460.2200,462.2300,460.0800,461.9000,47840033
2021-11-01,460.3000,460.7021,458.2000,460.0400,47474495
2021-10-29,455.8700,459.5600,455.5600,459.2500,70162424
2021-10-28,455.4600,458.4000,455.4500,458.3200,51437944
2021-10-27,456.4500,457.1600,453.8600,453.9400,72437997
2021-10-26,457.2000,458.4900,455.5600,455.9600,56075116
2021-10-25,454.2800,455.9000,452.3900,455.5500,45214507
2021-10-22,453.1300,454.6700,451.0500,453.1200,58845088
2021-10-21,451.7700,453.8290,451.3100,453.5900,41305438
2021-10-20,451.1300,452.7320,451.0100,452.4100,49571569
2021-10-19,448.9200,450.7100,448.2700,450.6400,46996827
2021-10-18,443.9700,447.5500,443.2700,447.1900,62213228
2021-10-15,444.7500,446.2600,444.0900,445.8700,66260210
2021-10-14,439.0800,442.6600,438.5800,442.5000,70236825
2021-10-13,434.7100,436.0500,431.5400,435.1800,72973979
2021-10-12,435.6700,436.1000,432.7800,433.6200,71181163
2021-10-11,437.1600,440.2600,434.6200,434.6900,65233285
2021-10-08,439.4800,439.8900,437.1900,437.8600,74557404
2021-10-07,438.3900,441.6800,438.2000,438.6600,72437499
2021-10-06,429.2700,435.1199,427.5400,434.9000,113032245
2021-10-05,430.2400,435.4900,429.3900,433.1000,90682520
2021-10-04,433.0000,433.9600,426.3600,428.6400,128569957
2021-10-01,430.9800,436.0329,427.2300,434.2400,129240106
2021-09-30,436.0200,436.7700,428.7800,429.1400,140505979
2021-09-29,435.1900,437.0400,433.8500,434.4500,82329213
2021-09-28,439.6900,440.0400,432.9400,433.7200,130436306
2021-09-27,442.8100,444.0500,441.9000,442.6400,61371108
2021-09-24,441.4400,444.6700,441.2100,443.9100,62094837
2021-09-23,439.8500,444.8900,439.6000,443.1800,76395981
2021-09-22,436.0500,440.0300,433.7470,437.8600,102350143
2021-09-21,436.5300,437.9100,433.0700,433.6300,92526112
2021-09-20,434.8800,436.5600,428.8600,434.0400,166445534
2021-09-17,444.9200,445.3700,441.0200,441.4000,118425037
2021-09-16,447.3200,448.3600,444.0200,447.1700,77786735
2021-09-15,444.6200,448.4100,443.4400,447.8800,78792222
2021-09-14,448.1200,448.3400,443.2200,444.1700,78197140
2021-09-13,448.6400,448.9200,444.1100,446.5800,83738649
2021-09-10,451.0400,451.4900,445.3100,445.4400,89948174
2021-09-09,450.7000,452.5700,448.7200,448.9800,57970407
2021-09-08,450.8900,451.6700,448.8600,450.9100,56181907
2021-09-07,452.7100,452.8100,450.7423,451.4600,51671534
2021-09-03,451.9800,453.6300,451.5500,453.0800,47234364
2021-09-02,453.3200,454.0500,451.9100,453.1900,42830867
2021-09-01,452.5600,453.1100,451.5450,451.8000,48721378
2021-08-31,452.1300,452.4900,450.9200,451.5600,59300213
2021-08-30,450.9700,453.0700,450.7100,452.2300,48357355
2021-08-27,447.1200,450.6500,447.0600,450.2500,77235113
2021-08-26,448.6100,448.8600,446.1600,446.2600,57829572
2021-08-25,448.1700,449.4570,447.7700,448.9100,40529711
2021-08-24,447.9700,448.5400,447.4200,447.9700,38744714
2021-08-23,445.1600,448.2300,443.4355,447.2600,54973038
2021-08-20,440.2300,443.7100,439.7100,443.3600,72008712
2021-08-19,436.2700,441.1400,436.1200,439.8600,92812246
2021-08-18,442.9600,444.6250,438.9200,439.1800,89351931
2021-08-17,444.2400,444.9600,440.8500,444.0400,92673933
2021-08-16,444.5300,447.1100,442.8700,446.9700,73930864
2021-08-13,445.5900,445.9400,445.0700,445.9200,38673164
2021-08-12,443.6200,445.2572,442.6600,445.1100,38942418
2021-08-11,443.8200,443.8820,442.6200,443.7800,44034340
2021-08-10,442.6100,443.4400,441.8800,442.6800,43339275
2021-08-09,442.4600,442.7950,441.3100,442.1300,41222585
2021-08-06,442.1000,442.9400,441.8000,442.4900,46930008
2021-08-05,440.2200,441.8500,439.8800,441.7600,38969659
2021-08-04,439.7800,441.1243,438.7300,438.9800,46732212
2021-08-03,438.4400,441.2800,436.1000,441.1500,58053896
2021-08-02,440.3400,440.9300,437.2100,437.5900,58783297
2021-07-30,437.9100,440.0600,437.7700,438.5100,68951202
2021-07-29,439.8150,441.8000,439.8100,440.6500,45910298
2021-07-28,439.6800,440.3000,437.3100,438.8300,52472360
2021-07-27,439.9100,439.9400,435.9900,439.0100,67397137
2021-07-26,439.3100,441.0300,439.2600,441.0200,43719187
2021-07-23,437.5200,440.3000,436.7900,439.9400,63766637
2021-07-22,434.7400,435.7200,433.6900,435.4600,47878539
2021-07-21,432.3400,434.7000,431.0111,434.5500,64724389
2021-07-20,425.6800,432.4200,424.8300,431.0600,99608174
2021-07-19,426.1900,431.4089,421.9700,424.9700,147987000
2021-07-16,436.0100,436.0600,430.9200,431.3400,75874662
2021-07-15,434.8100,435.5300,432.7200,434.7500,55126358
2021-07-14,437.4000,437.9200,434.9100,436.2400,64130352
2021-07-13,436.2400,437.8400,435.3100,435.5900,52911312
2021-07-12,435.4300,437.3500,434.9700,437.0800,52889585
2021-07-09,432.5300,435.8400,430.7140,435.5200,76238584
2021-07-08,428.7800,431.7300,427.5200,430.9200,97595232
2021-07-07,433.6600,434.7600,431.5100,434.4600,63549456
2021-07-06,433.7800,434.0100,430.0100,432.9300,68710419
2021-07-02,431.6700,434.1000,430.5218,433.7200,57697668
2021-07-01,428.8700,430.6000,428.8000,430.4300,53441027
2021-06-30,427.2100,428.7800,427.1800,428.0600,64827858
2021-06-29,427.8800,428.5600,427.1300,427.7000,35970515
2021-06-28,427.1700,427.6500,425.8900,427.4700,53159581
2021-06-25,425.9000,427.0943,425.5500,426.6100,58129525
2021-06-24,424.8900,425.5500,424.6200,425.1000,45110288
2021-06-23,423.1900,424.0500,422.5100,422.6000,49445414
2021-06-22,420.8500,424.0000,420.0800,423.1100,57700303
2021-06-21,416.8000,421.0600,415.9300,420.8600,72822028
2021-06-18,417.0900,417.8281,414.7000,414.9200,118676302
2021-06-17,421.6700,423.0200,419.3200,421.9700,90949659
2021-06-16,424.6300,424.8700,419.9200,422.1100,79250069
2021-06-15,425.4200,425.4600,423.5400,424.4800,51508508
2021-06-14,424.4300,425.3700,423.1000,425.2600,42358478
2021-06-11,424.2000,424.4300,422.8200,424.3100,45570828
2021-06-10,422.9600,424.6300,421.5500,423.6100,51020147
2021-06-09,423.1800,423.2600,421.4100,421.6500,48436342
2021-06-08,423.1100,423.2100,420.3200,422.2800,47134279
2021-06-07,422.5900,422.7800,421.1900,422.1900,51555032
2021-06-04,420.7500,422.9200,418.8422,422.6000,55938789
2021-06-03,417.8500,419.9900,416.2800,418.7700,58138763
2021-06-02,420.3700,421.2300,419.2900,420.3300,49097061
2021-06-01,422.5700,422.7200,419.2000,419.6700,54216625
2021-05-28,420.9700,421.2500,419.7900,420.0400,58520164
2021-05-27,420.1700,420.7200,418.9851,419.2900,56707677
2021-05-26,418.8700,419.6100,417.7600,419.0700,43088618
2021-05-25,420.3300,420.7100,417.6200,418.2400,57451396
2021-05-24,417.3400,420.3200,417.0800,419.1700,51376702
2021-05-21,416.8700,418.2000,414.4500,414.9400,76578662
2021-05-20,411.8000,416.6250,411.6700,415.2800,78022218
2021-05-19,406.9200,411.0500,405.3300,410.8600,106467052
2021-05-18,415.8000,416.0600,411.7700,411.9400,59810238
2021-05-17,415.3900,416.3900,413.3600,415.5200,65129221
2021-05-14,413.2100,417.4900,413.1800,416.5800,82201629
2021-05-13,407.0700,412.3500,407.0200,410.2800,106393963
2021-05-12,411.2300,412.5900,404.0000,405.4100,134811046
2021-05-11,413.1000,415.2700,410.0600,414.2100,116887975
2021-05-10,422.5000,422.7400,417.8100,417.9400,81852446
2021-05-07,419.8900,422.8150,419.1600,422.1200,67733790
2021-05-06,415.8300,419.2100,413.6750,419.0700,74321368
2021-05-05,417.3800,417.6300,415.1500,415.7500,39960661
2021-05-04,416.0700,416.6000,411.6700,415.6200,101591166
2021-05-03,419.4300,419.8400,417.6650,418.2000,68128289
2021-04-30,417.6300,418.5400,416.3400,417.3000,85527030
2021-04-29,420.3200,420.7200,416.4400,420.0600,78544329
2021-04-28,417.8100,419.0100,416.9000,417.4000,51238854
2021-04-27,417.9300,418.1400,416.3000,417.5200,51303056
2021-04-26,417.4400,418.2200,416.8111,417.6100,52182392
2021-04-23,412.8700,418.2500,412.7900,416.7400,73276195
2021-04-22,415.8900,416.7800,411.1300,412.2700,97582788
2021-04-21,411.5100,416.2900,411.3600,416.0700,66792983
2021-04-20,413.9100,415.0859,410.5900,412.1700,81851828
2021-04-19,416.2600,416.7400,413.7900,415.2100,78498496
2021-04-16,417.2500,417.9100,415.7300,417.2600,82037278
2021-04-15,413.7400,416.1600,413.6900,415.8700,60229842
2021-04-14,412.8300,413.9600,410.8700,411.4500,61659907
2021-04-13,411.5300,413.5290,411.1200,412.8600,56550988
2021-04-12,410.8500,411.9300,410.2000,411.6400,56704899
2021-04-09,408.3900,411.6700,408.2600,411.4900,61104559
2021-04-08,407.9300,408.5800,406.9300,408.5200,57863114
2021-04-07,405.9400,406.9600,405.4500,406.5900,55836280
2021-04-06,405.7600,407.2400,405.4000,406.1200,62020953
2021-04-05,403.4600,406.9400,403.3800,406.3600,91684764
2021-04-01,398.4000,400.6700,398.1800,400.6100,99682876
2021-03-31,395.3400,398.0000,395.3100,396.3300,112734214
2021-03-30,394.4200,395.4500,393.0200,394.7300,76262249
2021-03-29,394.4000,396.7500,392.8100,395.7800,108107626
2021-03-26,390.9300,396.4100,390.2900,395.9800,114409114
2021-03-25,385.9800,390.5500,383.9000,389.7000,116128622
2021-03-24,391.0000,392.7500,387.4700,387.5200,97588644
2021-03-23,391.9100,393.4600,388.6600,389.5000,90686552
2021-03-22,390.0300,394.0700,389.9700,392.5900,73778646
2021-03-19,389.8800,391.5690,387.1500,389.4800,113624490
2021-03-18,394.4750,396.7200,390.7500,391.4800,115349101
2021-03-17,394.5300,398.1200,393.3000,397.2600,97959265
2021-03-16,397.0700,397.8300,395.0800,395.9100,73722506
2021-03-15,394.3300,396.6850,392.0300,396.4100,73592302
2021-03-12,392.0700,394.2100,391.2000,394.0600,64653565
2021-03-11,392.2300,395.6500,391.7400,393.5300,86245040
2021-03-10,389.6900,391.4000,388.1702,389.5800,109899410
2021-03-09,385.8500,389.9100,381.7299,387.1700,113633556
2021-03-08,384.6600,387.6800,381.4200,381.7200,123149245
2021-03-05,380.4600,384.7600,372.6400,383.6300,152039624
2021-03-04,381.2200,384.0000,371.8800,376.7000,183433020
2021-03-03,385.7900,386.8300,381.3100,381.4200,119940211
2021-03-02,389.8200,390.0700,386.0000,386.5400,79595332
2021-03-01,385.5900,390.9200,380.5720,389.5800,105348798
2021-02-26,384.3500,385.5800,378.2300,380.3600,149530614
2021-02-25,390.4100,391.8800,380.7789,382.3300,144712701
2021-02-24,386.3300,392.2300,385.2700,391.7700,72433946
2021-02-23,384.6600,388.9450,380.2000,387.5000,107284127
2021-02-22,387.0600,389.6200,386.7400,387.0300,66517089
2021-02-19,392.0700,392.3800,389.5500,390.0300,83240971
2021-02-18,389.5900,391.5150,387.7400,390.7200,59712773
2021-02-17,390.4200,392.6600,389.3300,392.3900,51746878
2021-02-16,393.9600,394.1700,391.5300,392.3000,50972366
2021-02-12,389.8500,392.9000,389.7700,392.6400,50593270
2021-02-11,391.2400,391.6900,388.1000,390.7100,42913288
2021-02-10,392.1200,392.2800,387.5000,390.0800,58362935
2021-02-09,389.6100,390.8900,389.1700,390.2500,34142633
2021-02-08,389.2700,390.5600,388.3500,390.5100,38365185
2021-02-05,388.2000,388.4700,386.1444,387.7100,48669773
2021-02-04,382.9600,386.2400,381.9655,386.1900,47142555
2021-02-03,382.4350,383.7000,380.4800,381.8500,52427090
2021-02-02,379.6500,383.2200,376.3181,381.5500,62923781
2021-02-01,373.7200,377.3400,370.3760,376.2300,75817597
2021-01-29,375.6300,376.6700,368.2700,370.0700,126765121
2021-01-28,376.3600,381.9300,375.8900,377.6300,94198104
2021-01-27,380.2200,380.3200,372.0100,374.4100,123351078
2021-01-26,385.4100,385.8500,383.5400,383.7900,42665281
2021-01-25,383.6700,384.7700,378.4600,384.3900,70401971
2021-01-22,382.2500,384.1256,381.8350,382.8800,52136931
2021-01-21,384.4900,384.9500,383.2500,384.2400,47955809
2021-01-20,381.1100,384.7900,380.6900,383.8900,61836062
2021-01-19,378.3400,379.2300,376.7500,378.6500,51233300
2021-01-15,376.7200,377.5800,373.7000,375.7000,107159962
2021-01-14,380.5900,381.1300,378.1000,378.4600,49989113
2021-01-13,378.6900,380.8600,377.8500,379.7900,45303619
2021-01-12,378.8900,379.8600,376.3600,378.7700,51440114
2021-01-11,377.8500,380.5800,377.7189,378.6900,51176719
2021-01-08,380.5900,381.4900,377.1000,381.2600,71677208
2021-01-07,376.1000,379.9000,375.9100,379.1000,68766812
2021-01-06,369.7100,376.9800,369.1200,373.5500,107997675
2021-01-05,368.1000,372.5000,368.0500,371.3300,66426229
2021-01-04,375.3100,375.4500,364.8200,368.7900,110210810
2020-12-31,371.7800,374.6600,371.2320,373.8800,78520702
2020-12-30,372.3400,373.1000,371.5700,371.9900,49455259
2020-12-29,373.8100,374.0000,370.8300,371.4600,53680451
2020-12-28,371.7400,372.5900,371.0700,372.1700,37932709
2020-12-24,368.0800,369.0300,367.4500,369.0000,26457853
2020-12-23,368.2800,369.6200,367.2172,367.5700,46201402
2020-12-22,368.2100,368.3317,366.0300,367.2400,48388462
2020-12-21,364.9700,378.4600,362.0300,367.8600,96386745
2020-12-18,370.9700,371.1500,367.0200,369.1800,136542328
2020-12-17,371.9400,372.4600,371.0500,372.2400,64119472
2020-12-16,369.8200,371.1600,368.8676,370.1700,58420517
2020-12-15,367.4000,369.5900,365.9200,369.5900,64071099
2020-12-14,368.6400,369.8000,364.4700,364.6600,69216174
2020-12-11,364.9000,366.7402,363.2600,366.3000,57698614
2020-12-10,365.3700,367.8600,364.4300,366.7300,57735353
2020-12-09,370.8800,371.0500,365.9500,366.8500,74098312
2020-12-08,367.7200,370.7800,367.6700,370.1700,42458859
2020-12-07,369.0200,369.6200,367.7200,369.0900,48944269
2020-12-04,367.3200,369.8500,367.2200,369.8500,50749859
2020-12-03,366.6800,368.1900,365.5000,366.6900,62881998
2020-12-02,364.8200,366.9600,364.2000,366.7900,45927000
2020-12-01,365.5700,367.6800,364.9300,366.0200,72509670
2020-11-30,362.8300,363.1200,359.1700,362.0600,83872709
2020-11-27,363.8400,364.1800,362.5800,363.6700,28514072
2020-11-25,363.1300,363.1600,361.4800,362.6600,45330890
2020-11-24,360.2100,363.8100,359.2900,363.2200,60985003
2020-11-23,357.2800,358.8200,354.8650,357.4600,63230608
2020-11-20,357.5000,357.7200,355.2500,355.3300,70411890
2020-11-19,355.6000,358.1800,354.1500,357.7800,59940947
2020-11-18,360.9100,361.5000,356.2400,356.2800,70591299
2020-11-17,359.9700,361.9200,358.3400,360.6200,66111009
2020-11-16,360.9800,362.7800,359.5900,362.5700,74541138
2020-11-13,355.2700,358.9000,354.7100,358.1000,62959429
2020-11-12,355.5800,356.7182,351.2600,353.2100,68118563
2020-11-11,356.4000,357.5600,355.0600,356.6700,58649048
2020-11-10,353.4900,355.1800,350.5100,354.0400,85552022
2020-11-09,363.9700,364.3800,354.0600,354.5600,172304203
2020-11-06,349.9300,351.5100,347.6500,350.1600,74972973
2020-11-05,349.2400,352.1900,348.8600,350.2400,82039749
2020-11-04,340.8600,347.9400,339.5900,343.5400,126959700
2020-11-03,333.6900,338.2500,330.2935,336.0300,93294192
2020-11-02,330.2000,332.3600,327.2400,330.2000,86068299
2020-10-30,328.2800,329.6900,322.6000,326.5400,120448685
2020-10-29,326.9100,333.3950,325.0900,329.9800,90597689
2020-10-28,332.1000,338.2483,326.1300,326.6600,127094307
2020-10-27,339.7600,340.1200,337.9900,338.2200,65994108
2020-10-26,342.1300,342.9800,335.6200,339.3900,91473002
2020-10-23,345.9300,345.9900,343.1300,345.7800,49143931
2020-10-22,342.9600,345.2400,340.6500,344.6100,55399292
2020-10-21,343.3300,348.6847,342.4000,342.7300,63574979
2020-10-20,343.4600,346.8800,342.6400,343.3800,60051880
2020-10-19,348.6500,349.3300,341.0400,342.0100,68425614
2020-10-16,348.9600,350.7500,347.1000,347.2900,89501868
2020-10-15,343.7100,348.0200,343.1300,347.5000,60357659
2020-10-14,350.7500,351.9300,347.1400,347.9300,57958749
2020-10-13,352.2800,352.4651,349.0900,350.1300,73255513
2020-10-12,349.5900,354.0200,349.0600,352.4300,80388533
2020-10-09,345.5600,347.3500,344.8900,346.8500,59528606
2020-10-08,342.8500,343.8500,341.8600,343.7800,45242476
2020-10-07,338.1200,341.6300,338.0900,340.7600,56999597
2020-10-06,339.9100,342.1700,334.3800,334.9300,90128883
2020-10-05,336.0600,339.9600,336.0100,339.7600,45713108
2020-10-02,331.7000,337.0126,331.1900,333.8400,89431112
2020-10-01,337.6900,338.7400,335.0100,337.0400,88698745
2020-09-30,333.0900,338.2900,332.8800,334.8900,104081136
2020-09-29,333.9700,334.7700,331.6209,332.3700,51531594
2020-09-28,333.2200,334.9600,332.1500,334.1900,64584614
2020-09-25,322.5800,329.5800,321.6400,328.7300,71069426
2020-09-24,321.2200,326.7970,319.8000,323.5000,76681332
2020-09-23,330.9000,331.2000,322.1000,322.6400,93112240
2020-09-22,328.5700,330.9000,325.8600,330.3000,63612107
2020-09-21,325.7000,327.1300,321.7300,326.9700,99450829
2020-09-18,335.3700,335.4900,327.9700,330.6500,105877942
2020-09-17,333.5600,337.6996,332.9910,335.8400,91523339
2020-09-16,341.5100,343.0600,338.5200,338.8200,82211256
2020-09-15,341.1200,342.0200,338.4683,340.1700,52920862
2020-09-14,337.4900,340.3800,334.2208,338.4600,65605686
2020-09-11,335.8200,336.9700,331.0000,334.0600,84680194
2020-09-10,341.8200,342.5300,332.8500,333.8900,90569548
2020-09-09,337.5500,342.4600,336.6100,339.7900,91462290
2020-09-08,336.7100,342.6400,332.8800,333.2100,114465322
2020-09-04,346.1300,347.8300,334.8700,342.5700,139156281
2020-09-03,355.8700,356.3800,342.5900,345.3900,148011129
2020-09-02,354.6700,358.7500,353.4300,357.7000,69540035
2020-09-01,350.2100,352.7100,349.2400,352.6000,54999325
2020-08-31,350.3500,351.3000,349.0600,349.3100,66099183
2020-08-28,349.4400,350.7200,348.1500,350.5800,48588940
2020-08-27,348.5100,349.9000,346.5300,348.3300,58034142
2020-08-26,344.7600,347.8600,344.1700,347.5700,50790237
2020-08-25,343.5300,344.2100,342.2700,344.1200,38463381
2020-08-24,342.1200,343.0000,339.4504,342.9200,48588662
2020-08-21,337.9200,339.7200,337.5500,339.4800,55106628
2020-08-20,335.3600,338.8000,335.2200,338.2800,42207826
2020-08-19,339.0500,339.6100,336.6200,337.2300,68054244
2020-08-18,338.3400,339.1000,336.6100,338.6400,38733908
2020-08-17,337.9400,338.3400,336.8517,337.9100,34496002
2020-08-14,336.4100,337.4200,335.6200,336.8400,47260390
2020-08-13,336.6100,338.2514,335.8300,336.8300,41816146
2020-08-12,335.4400,338.2800,332.8377,337.4400,53826128
2020-08-11,336.8500,337.5400,332.0100,332.8000,69601087
2020-08-10,335.0600,335.7700,332.9550,335.5700,44282089
2020-08-07,333.2800,334.8800,332.3000,334.5700,57308270
2020-08-06,331.4799,334.4600,331.1300,334.3300,43679447
2020-08-05,331.4700,332.3900,331.1800,332.1100,42866354
2020-08-04,327.8600,330.0600,327.8600,330.0600,41917893
2020-08-03,328.3200,329.6200,327.7300,328.7900,53077948
2020-07-31,325.9000,326.6300,321.3300,326.5200,85210755
2020-07-30,321.9000,324.4100,319.6400,323.9600,61861714
2020-07-29,322.1200,325.7300,322.0750,325.1200,48454159
2020-07-28,322.4300,323.6400,320.8500,321.1700,57494979
2020-07-27,321.6300,323.4100,320.7750,323.2200,48292970
2020-07-24,320.9500,321.9900,319.2460,320.8800,73766597
2020-07-23,326.4700,327.2300,321.4800,322.9600,75737989
2020-07-22,324.6200,327.2000,324.5000,326.8600,57792915
2020-07-21,326.4500,326.9300,323.9400,325.0100,57245315
2020-07-20,321.4300,325.1300,320.6200,324.3200,56150230
2020-07-17,321.8800,322.5700,319.7400,321.7200,64421802
2020-07-16,319.7900,321.2800,319.0900,320.7900,54433414
2020-07-15,322.4100,323.0400,319.2700,321.8500,86921534
2020-07-14,313.3000,319.7600,312.0000,318.9200,92791839
2020-07-13,320.1300,322.7100,314.1300,314.8400,102549097
2020-07-10,314.3100,317.8800,312.7600,317.5900,57454436
2020-07-09,316.8400,317.1000,310.6800,314.3800,83079092
2020-07-08,314.6100,316.3000,312.7000,316.1800,54202602
2020-07-07,315.3800,317.5200,313.3700,313.7800,82583406
2020-07-06,316.3700,317.6800,315.5600,317.0500,61149258
2020-07-02,314.2400,315.7000,311.5100,312.2300,69214995
2020-07-01,309.5700,311.8900,309.0700,310.5200,71910372
2020-06-30,303.9900,310.2000,303.8200,308.3600,112828251
2020-06-29,301.4100,304.6100,298.9300,304.4600,79773260
2020-06-26,306.1600,306.3900,299.4200,300.0500,127811745
2020-06-25,303.4700,307.6400,301.2800,307.3500,88966079
2020-06-24,309.8400,310.5100,302.1000,304.0900,132067392
2020-06-23,313.4900,314.5000,311.6100,312.0500,68066900
2020-06-22,307.9900,311.0500,306.7500,310.6200,74007212
2020-06-19,314.1700,314.3800,306.5300,308.6400,135211345
2020-06-18,310.0100,312.3000,309.5100,311.7800,80355844
2020-06-17,314.0700,314.3900,310.8600,311.6600,82814592
2020-06-16,315.4800,315.6400,307.6700,312.9600,137048347
2020-06-15,298.0200,308.2800,296.7400,307.0500,134968796
2020-06-12,308.2400,309.0800,298.6000,304.2100,194450402
2020-06-11,311.4600,312.1500,300.0100,300.6100,208285190
2020-06-10,321.4200,322.3900,318.2200,319.0000,93944722
2020-06-09,320.3000,323.2800,319.3600,320.7900,77174695
2020-06-08,320.2200,323.4100,319.6300,323.2000,73310274
2020-06-05,317.2300,321.2700,317.1600,319.3400,150302461
2020-06-04,311.1100,313.0000,309.0800,311.3600,75471787
2020-06-03,310.2400,313.2200,309.9400,312.1800,91750087
2020-06-02,306.5500,308.1300,305.1000,308.0800,73635043
2020-06-01,303.6200,306.2100,303.0600,305.5500,55696013
2020-05-29,302.4600,304.9600,299.4700,304.3200,119067393
2020-05-28,304.6500,306.8400,302.2400,302.9700,90232213
2020-05-27,302.1200,303.5700,296.8700,303.5300,104086252
2020-05-26,301.9300,302.1900,295.4600,299.0800,88604807
2020-05-22,294.5700,295.6300,293.2200,295.4400,63697627
2020-05-21,296.7900,297.6700,293.6900,294.8800,77863922
2020-05-20,295.8200,297.8700,295.5700,296.9300,85279592
2020-05-19,294.3500,296.2100,291.9500,291.9700,94317356
2020-05-18,293.0500,296.7500,292.7000,295.0000,119719465
2020-05-15,282.3700,286.3300,281.3400,286.2800,111015834
2020-05-14,278.9500,285.1100,272.9900,284.9700,121473094
2020-05-13,286.0600,287.1900,278.9600,281.6000,144035915
2020-05-12,293.7900,294.2400,286.5200,286.6700,94484342
2020-05-11,290.3400,294.0000,289.8800,292.5000,78982891
2020-05-08,291.0900,292.9500,289.8600,292.4400,76446082
2020-05-07,287.7500,289.7800,287.1300,287.6800,74788296
2020-05-06,288.0400,288.4600,283.7800,284.2500,72980387
2020-05-05,286.6400,289.2500,283.7100,286.1900,79199214
2020-05-04,280.7400,283.9000,279.1300,283.5700,80462952
2020-05-01,285.3100,290.6600,281.5200,282.7900,125045778
2020-04-30,291.7100,293.3200,288.5900,290.4800,121537052
2020-04-29,291.5300,294.8800,290.4100,293.2100,118066585
2020-04-28,291.0200,291.4000,285.4000,285.7300,104797847
2020-04-27,285.1200,288.2700,284.6200,287.0500,77516422
2020-04-24,280.7300,283.7000,278.5000,282.9700,85042563
2020-04-23,280.4900,283.9400,278.7500,279.0800,103685412
2020-04-22,278.3500,281.0000,276.9100,279.1000,92831657
2020-04-21,276.7300,278.0400,272.0200,273.0400,125772551
2020-04-20,282.6100,286.7900,281.3500,281.5900,99323028
2020-04-17,285.3800,287.3000,282.4000,286.6400,146455688
2020-04-16,279.1500,280.0300,275.7600,279.1000,126144324
2020-04-15,277.5700,283.9400,275.4600,277.7600,121155983
2020-04-14,280.9800,284.9000,275.5100,283.7900,133510280
2020-04-13,277.1400,277.5100,271.4100,275.6600,114353986
2020-04-09,277.5800,281.2000,275.4700,278.2000,189948139
2020-04-08,267.9600,276.0000,265.2500,274.0300,152670223
2020-04-07,274.2100,275.0300,264.8900,265.1300,199187791
2020-04-06,257.8400,267.0000,248.1700,264.8600,186692564
2020-04-03,250.7600,253.3200,245.2200,248.1900,134538553
2020-04-02,245.1900,252.6800,244.5900,251.8300,176669824
2020-04-01,247.9800,257.6600,243.9000,246.1500,188373330
2020-03-31,260.5600,263.3300,256.2200,257.7500,193290928
2020-03-30,255.7000,262.4300,253.5300,261.6500,171274407
2020-03-27,253.2700,260.8100,251.0500,253.4200,223871285
2020-03-26,249.5200,262.8000,249.0500,261.2000,256107410
2020-03-25,244.8700,256.3500,239.7500,246.7900,297989659
2020-03-24,234.4200,244.1000,233.8000,243.1500,233038623
2020-03-23,228.1900,229.6800,218.2600,222.9500,323100167
2020-03-20,242.5300,244.4700,228.5000,228.8000,344276957
2020-03-19,239.2500,247.3800,232.2200,240.5100,288124389
2020-03-18,236.2500,248.3700,228.0200,240.0000,324845381
2020-03-17,245.0400,256.1700,237.0700,252.8000,260566279
2020-03-16,241.1800,256.9000,237.3600,239.8500,295019288
2020-03-13,263.0900,271.4800,248.5200,269.3200,326142197
2020-03-12,256.0000,266.6600,247.6800,248.1100,389612072
2020-03-11,280.7000,281.9400,270.8800,274.3600,254604444
2020-03-10,284.6400,288.5200,273.5000,288.4200,274894230
2020-03-09,275.3000,284.1900,273.4500,274.2300,305980554
2020-03-06,293.1500,298.7800,290.2300,297.4600,228315219
2020-03-05,304.9800,308.4700,300.0100,302.4600,185533970
2020-03-04,306.1200,313.1000,303.3300,312.8600,175893889
2020-03-03,309.5000,313.8400,297.5700,300.2400,298851919
2020-03-02,298.2100,309.1600,294.4600,309.0900,237377617
2020-02-28,288.7000,297.8900,285.5400,296.2600,384911854
2020-02-27,305.4600,311.5600,297.5100,297.5100,282544492
2020-02-26,314.1800,318.1100,310.7000,311.5000,192818004
2020-02-25,323.9400,324.6100,311.6900,312.6500,217564684
2020-02-24,323.1400,333.5600,321.2400,322.4200,160991237
2020-02-21,335.4700,335.8100,332.5800,333.4800,113656552
2020-02-20,337.7400,338.6400,333.6800,336.9500,73891268
2020-02-19,337.7900,339.0800,337.4800,338.3400,48587393
2020-02-18,336.5100,337.6700,335.2100,336.7300,57195407
2020-02-14,337.5100,337.7300,336.2000,337.6000,64518123
2020-02-13,335.8600,338.1200,335.5600,337.0600,54038002
2020-02-12,336.8300,337.6500,336.4300,337.4200,42844434
2020-02-11,336.1600,337.0200,334.6800,335.2600,54773045
2020-02-10,331.2300,334.7500,331.1900,334.6800,41779456
2020-02-07,332.8200,333.9900,331.6000,332.2000,64074382
2020-02-06,333.9100,334.1900,332.8000,333.9800,49982975
2020-02-05,332.2700,333.0900,330.6700,332.8600,64864742
2020-02-04,328.0700,330.0100,327.7200,329.0600,61704740
2020-02-03,323.3500,326.1600,323.2200,324.1200,68931216
2020-01-31,327.0000,327.1700,320.7300,321.7300,113659402
2020-01-30,324.3600,327.9100,323.5400,327.6800,75184385
2020-01-29,328.3800,328.6300,326.4000,326.6200,53714641
2020-01-28,325.0600,327.8500,323.6000,326.8900,63519891
2020-01-27,323.0300,325.1200,322.6600,323.5000,83797934
2020-01-24,332.4400,332.5300,327.3600,328.7700,87465785
2020-01-23,330.6300,332.1700,329.4100,331.7200,51828259
2020-01-22,332.2400,332.9500,331.1700,331.3400,48705035
2020-01-21,330.9000,332.1800,330.8200,331.3000,77624157
2020-01-17,331.7000,332.1800,330.8500,331.9500,95778839
2020-01-16,329.7000,330.9200,329.4500,330.9200,53788867
2020-01-15,327.3500,329.0200,327.2600,328.1900,71870739
2020-01-14,327.4700,328.6200,326.8400,327.4500,62784185
2020-01-13,326.3900,327.9600,325.9200,327.9500,47026115
2020-01-10,327.2900,327.4600,325.2000,325.7100,53028660
2020-01-09,326.1600,326.7300,325.5200,326.6500,48421935
2020-01-08,322.9400,325.7800,322.6700,324.4500,68177241
2020-01-07,323.0200,323.5400,322.2400,322.7300,40461249
2020-01-06,320.4900,323.7300,320.3600,323.6400,55596982
2020-01-03,321.1600,323.6400,321.1000,322.4100,77708081
2020-01-02,323.5400,324.8900,322.5300,324.8700,59037072
