,Open,High,Low,Close,Volume
2020-01-01,100.03123015335748,100.03123015335748,100.03123015335748,100.03123015335748,1000000
2020-01-02,100.36007835860148,100.36007835860148,100.36007835860148,100.36007835860148,1000000
2020-01-03,100.11506141565695,100.11506141565695,100.11506141565695,100.11506141565695,1000000
2020-01-06,99.25347936774698,99.25347936774698,99.25347936774698,99.25347936774698,1000000
2020-01-07,98.83197883760572,98.83197883760572,98.83197883760572,98.83197883760572,1000000
2020-01-08,97.88156451787906,97.88156451787906,97.88156451787906,97.88156451787906,1000000
2020-01-09,97.9697984864142,97.9697984864142,97.9697984864142,97.9697984864142,1000000
2020-01-10,99.31219560131412,99.31219560131412,99.31219560131412,99.31219560131412,1000000
2020-01-13,98.8531681595284,98.8531681595284,98.8531681595284,98.8531681595284,1000000
2020-01-14,98.26946501386958,98.26946501386958,98.26946501386958,98.26946501386958,1000000
2020-01-15,98.78031101550371,98.78031101550371,98.78031101550371,98.78031101550371,1000000
2020-01-16,99.16247920544279,99.16247920544279,99.16247920544279,99.16247920544279,1000000
2020-01-17,99.29675933194655,99.29675933194655,99.29675933194655,99.29675933194655,1000000
2020-01-20,98.40262374473157,98.40262374473157,98.40262374473157,98.40262374473157,1000000
2020-01-21,98.40335997105797,98.40335997105797,98.40335997105797,98.40335997105797,1000000
2020-01-22,99.11708268438234,99.11708268438234,99.11708268438234,99.11708268438234,1000000
2020-01-23,97.81447156489959,97.81447156489959,97.81447156489959,97.81447156489959,1000000
2020-01-24,97.39620146790988,97.39620146790988,97.39620146790988,97.39620146790988,1000000
2020-01-27,95.5737015983401,95.5737015983401,95.5737015983401,95.5737015983401,1000000
2020-01-28,94.36991475739953,94.36991475739953,94.36991475739953,94.36991475739953,1000000
2020-01-29,92.66018194660553,92.66018194660553,92.66018194660553,92.66018194660553,1000000
2020-01-30,92.47014413139539,92.47014413139539,92.47014413139539,92.47014413139539,1000000
2020-01-31,91.32587558645551,91.32587558645551,91.32587558645551,91.32587558645551,1000000
2020-02-03,91.60100789997934,91.60100789997934,91.60100789997934,91.60100789997934,1000000
2020-02-04,91.77207377759129,91.77207377759129,91.77207377759129,91.77207377759129,1000000
2020-02-05,91.62805499530562,91.62805499530562,91.62805499530562,91.62805499530562,1000000
2020-02-06,89.3494854398739,89.3494854398739,89.3494854398739,89.3494854398739,1000000
2020-02-07,88.89497095496573,88.89497095496573,88.89497095496573,88.89497095496573,1000000
2020-02-10,88.87852454492506,88.87852454492506,88.87852454492506,88.87852454492506,1000000
2020-02-11,89.0058954572251,89.0058954572251,89.0058954572251,89.0058954572251,1000000
2020-02-12,87.67068618606292,87.67068618606292,87.67068618606292,87.67068618606292,1000000
2020-02-13,87.27813781654339,87.27813781654339,87.27813781654339,87.27813781654339,1000000
2020-02-14,86.45028802838091,86.45028802838091,86.45028802838091,86.45028802838091,1000000
2020-02-17,85.77698099162518,85.77698099162518,85.77698099162518,85.77698099162518,1000000
2020-02-18,86.71272089644496,86.71272089644496,86.71272089644496,86.71272089644496,1000000
2020-02-19,86.03849942355134,86.03849942355134,86.03849942355134,86.03849942355134,1000000
2020-02-20,86.03632978645632,86.03632978645632,86.03632978645632,86.03632978645632,1000000
2020-02-21,86.82303726829204,86.82303726829204,86.82303726829204,86.82303726829204,1000000
2020-02-24,86.3423845582539,86.3423845582539,86.3423845582539,86.3423845582539,1000000
2020-02-25,86.27184114675237,86.27184114675237,86.27184114675237,86.27184114675237,1000000
2020-02-26,86.3930221492847,86.3930221492847,86.3930221492847,86.3930221492847,1000000
2020-02-27,86.47404305828886,86.47404305828886,86.47404305828886,86.47404305828886,1000000
2020-02-28,85.44062996838184,85.44062996838184,85.44062996838184,85.44062996838184,1000000
2020-03-02,85.53131684986585,85.53131684986585,85.53131684986585,85.53131684986585,1000000
2020-03-03,86.71919581120075,86.71919581120075,86.71919581120075,86.71919581120075,1000000
2020-03-04,85.4035401470353,85.4035401470353,85.4035401470353,85.4035401470353,1000000
2020-03-05,86.1631044480606,86.1631044480606,86.1631044480606,86.1631044480606,1000000
2020-03-06,86.29179251321891,86.29179251321891,86.29179251321891,86.29179251321891,1000000
2020-03-09,85.76414374945615,85.76414374945615,85.76414374945615,85.76414374945615,1000000
2020-03-10,87.50551311497401,87.50551311497401,87.50551311497401,87.50551311497401,1000000
2020-03-11,88.19878404123696,88.19878404123696,88.19878404123696,88.19878404123696,1000000
2020-03-12,87.16748544765102,87.16748544765102,87.16748544765102,87.16748544765102,1000000
2020-03-13,87.25858961615582,87.25858961615582,87.25858961615582,87.25858961615582,1000000
2020-03-16,87.78797839021453,87.78797839021453,87.78797839021453,87.78797839021453,1000000
2020-03-17,87.6485867723241,87.6485867723241,87.6485867723241,87.6485867723241,1000000
2020-03-18,88.2734425464755,88.2734425464755,88.2734425464755,88.2734425464755,1000000
2020-03-19,88.24120745085388,88.24120745085388,88.24120745085388,88.24120745085388,1000000
2020-03-20,88.85646711745572,88.85646711745572,88.85646711745572,88.85646711745572,1000000
2020-03-23,90.16134441122307,90.16134441122307,90.16134441122307,90.16134441122307,1000000
2020-03-24,89.57920664536061,89.57920664536061,89.57920664536061,89.57920664536061,1000000
2020-03-25,89.78805036293164,89.78805036293164,89.78805036293164,89.78805036293164,1000000
2020-03-26,89.39899193788294,89.39899193788294,89.39899193788294,89.39899193788294,1000000
2020-03-27,89.53958831215556,89.53958831215556,89.53958831215556,89.53958831215556,1000000
2020-03-30,88.50344109594775,88.50344109594775,88.50344109594775,88.50344109594775,1000000
2020-03-31,88.0172902810479,88.0172902810479,88.0172902810479,88.0172902810479,1000000
2020-04-01,87.87100908922916,87.87100908922916,87.87100908922916,87.87100908922916,1000000
2020-04-02,88.6871232757,88.6871232757,88.6871232757,88.6871232757,1000000
2020-04-03,89.729393866214,89.729393866214,89.729393866214,89.729393866214,1000000
2020-04-06,88.56871921852687,88.56871921852687,88.56871921852687,88.56871921852687,1000000
2020-04-07,87.89148526836989,87.89148526836989,87.89148526836989,87.89148526836989,1000000
2020-04-08,88.48642574030211,88.48642574030211,88.48642574030211,88.48642574030211,1000000
2020-04-09,86.74995061526555,86.74995061526555,86.74995061526555,86.74995061526555,1000000
2020-04-10,86.37417597133916,86.37417597133916,86.37417597133916,86.37417597133916,1000000
2020-04-13,86.31605744375518,86.31605744375518,86.31605744375518,86.31605744375518,1000000
2020-04-14,87.42695803085981,87.42695803085981,87.42695803085981,87.42695803085981,1000000
2020-04-15,88.05591097708417,88.05591097708417,88.05591097708417,88.05591097708417,1000000
2020-04-16,87.79419699236138,87.79419699236138,87.79419699236138,87.79419699236138,1000000
2020-04-17,87.49694700492661,87.49694700492661,87.49694700492661,87.49694700492661,1000000
2020-04-20,87.30428275202816,87.30428275202816,87.30428275202816,87.30428275202816,1000000
2020-04-21,88.6605804524383,88.6605804524383,88.6605804524383,88.6605804524383,1000000
2020-04-22,88.3076892280077,88.3076892280077,88.3076892280077,88.3076892280077,1000000
2020-04-23,88.06600840117257,88.06600840117257,88.06600840117257,88.06600840117257,1000000
2020-04-24,88.40293932130997,88.40293932130997,88.40293932130997,88.40293932130997,1000000
2020-04-27,88.32269557981851,88.32269557981851,88.32269557981851,88.32269557981851,1000000
2020-04-28,88.1749456403993,88.1749456403993,88.1749456403993,88.1749456403993,1000000
2020-04-29,87.21907002622042,87.21907002622042,87.21907002622042,87.21907002622042,1000000
2020-04-30,87.2351868299517,87.2351868299517,87.2351868299517,87.2351868299517,1000000
2020-05-01,86.87439847739635,86.87439847739635,86.87439847739635,86.87439847739635,1000000
2020-05-04,87.91352728798267,87.91352728798267,87.91352728798267,87.91352728798267,1000000
2020-05-05,88.51405448520593,88.51405448520593,88.51405448520593,88.51405448520593,1000000
2020-05-06,88.51923821077719,88.51923821077719,88.51923821077719,88.51923821077719,1000000
2020-05-07,89.13743977238207,89.13743977238207,89.13743977238207,89.13743977238207,1000000
2020-05-08,88.86122998735081,88.86122998735081,88.86122998735081,88.86122998735081,1000000
2020-05-11,89.82282077946633,89.82282077946633,89.82282077946633,89.82282077946633,1000000
2020-05-12,89.84491758799521,89.84491758799521,89.84491758799521,89.84491758799521,1000000
2020-05-13,90.3960104586079,90.3960104586079,90.3960104586079,90.3960104586079,1000000
2020-05-14,89.2562132686934,89.2562132686934,89.2562132686934,89.2562132686934,1000000
2020-05-15,89.59242361646095,89.59242361646095,89.59242361646095,89.59242361646095,1000000
2020-05-18,88.10679835920432,88.10679835920432,88.10679835920432,88.10679835920432,1000000
2020-05-19,86.33996722924734,86.33996722924734,86.33996722924734,86.33996722924734,1000000
2020-05-20,86.10298398297942,86.10298398297942,86.10298398297942,86.10298398297942,1000000
2020-05-21,85.35395035434529,85.35395035434529,85.35395035434529,85.35395035434529,1000000
2020-05-22,85.51958208125873,85.51958208125873,85.51958208125873,85.51958208125873,1000000
2020-05-25,87.46494444159532,87.46494444159532,87.46494444159532,87.46494444159532,1000000
2020-05-26,86.76371770639786,86.76371770639786,86.76371770639786,86.76371770639786,1000000
2020-05-27,86.24839016972041,86.24839016972041,86.24839016972041,86.24839016972041,1000000
2020-05-28,86.45142228359721,86.45142228359721,86.45142228359721,86.45142228359721,1000000
2020-05-29,86.90357471275544,86.90357471275544,86.90357471275544,86.90357471275544,1000000
2020-06-01,86.77634260788703,86.77634260788703,86.77634260788703,86.77634260788703,1000000
2020-06-02,86.62367670175531,86.62367670175531,86.62367670175531,86.62367670175531,1000000
2020-06-03,87.25816304395906,87.25816304395906,87.25816304395906,87.25816304395906,1000000
2020-06-04,87.73800234647328,87.73800234647328,87.73800234647328,87.73800234647328,1000000
2020-06-05,86.85739722137748,86.85739722137748,86.85739722137748,86.85739722137748,1000000
2020-06-08,86.81467960810862,86.81467960810862,86.81467960810862,86.81467960810862,1000000
2020-06-09,86.8713581766003,86.8713581766003,86.8713581766003,86.8713581766003,1000000
2020-06-10,85.98137447111583,85.98137447111583,85.98137447111583,85.98137447111583,1000000
2020-06-11,86.23058211363038,86.23058211363038,86.23058211363038,86.23058211363038,1000000
2020-06-12,85.51663042371354,85.51663042371354,85.51663042371354,85.51663042371354,1000000
2020-06-15,86.37356410692203,86.37356410692203,86.37356410692203,86.37356410692203,1000000
2020-06-16,86.56595769054152,86.56595769054152,86.56595769054152,86.56595769054152,1000000
2020-06-17,86.66923649253442,86.66923649253442,86.66923649253442,86.66923649253442,1000000
2020-06-18,86.18299750260725,86.18299750260725,86.18299750260725,86.18299750260725,1000000
2020-06-19,86.10663090030766,86.10663090030766,86.10663090030766,86.10663090030766,1000000
2020-06-22,84.41227086281971,84.41227086281971,84.41227086281971,84.41227086281971,1000000
2020-06-23,83.48254780549844,83.48254780549844,83.48254780549844,83.48254780549844,1000000
2020-06-24,83.81050047865523,83.81050047865523,83.81050047865523,83.81050047865523,1000000
2020-06-25,82.05168093802398,82.05168093802398,82.05168093802398,82.05168093802398,1000000
2020-06-26,82.77095296514523,82.77095296514523,82.77095296514523,82.77095296514523,1000000
2020-06-29,81.35052355867698,81.35052355867698,81.35052355867698,81.35052355867698,1000000
2020-06-30,81.99053944963205,81.99053944963205,81.99053944963205,81.99053944963205,1000000
2020-07-01,81.32190903317856,81.32190903317856,81.32190903317856,81.32190903317856,1000000
2020-07-02,81.97979602687407,81.97979602687407,81.97979602687407,81.97979602687407,1000000
2020-07-03,82.11174349855487,82.11174349855487,82.11174349855487,82.11174349855487,1000000
2020-07-06,80.87445505743611,80.87445505743611,80.87445505743611,80.87445505743611,1000000
2020-07-07,81.90895963801552,81.90895963801552,81.90895963801552,81.90895963801552,1000000
2020-07-08,83.11441965802231,83.11441965802231,83.11441965802231,83.11441965802231,1000000
2020-07-09,83.08466061819115,83.08466061819115,83.08466061819115,83.08466061819115,1000000
2020-07-10,82.88200361126424,82.88200361126424,82.88200361126424,82.88200361126424,1000000
2020-07-13,82.77436726783863,82.77436726783863,82.77436726783863,82.77436726783863,1000000
2020-07-14,81.99202341294124,81.99202341294124,81.99202341294124,81.99202341294124,1000000
2020-07-15,82.91737453323648,82.91737453323648,82.91737453323648,82.91737453323648,1000000
2020-07-16,82.492098009253,82.492098009253,82.492098009253,82.492098009253,1000000
2020-07-17,82.47461759324682,82.47461759324682,82.47461759324682,82.47461759324682,1000000
2020-07-20,81.84509180360212,81.84509180360212,81.84509180360212,81.84509180360212,1000000
2020-07-21,81.35723522791955,81.35723522791955,81.35723522791955,81.35723522791955,1000000
2020-07-22,80.34212054129279,80.34212054129279,80.34212054129279,80.34212054129279,1000000
2020-07-23,81.37617932076718,81.37617932076718,81.37617932076718,81.37617932076718,1000000
2020-07-24,81.27520159468027,81.27520159468027,81.27520159468027,81.27520159468027,1000000
2020-07-27,82.08463889802712,82.08463889802712,82.08463889802712,82.08463889802712,1000000
2020-07-28,82.12020173695738,82.12020173695738,82.12020173695738,82.12020173695738,1000000
2020-07-29,81.57459221966032,81.57459221966032,81.57459221966032,81.57459221966032,1000000
2020-07-30,81.33257242863763,81.33257242863763,81.33257242863763,81.33257242863763,1000000
2020-07-31,80.90132187544825,80.90132187544825,80.90132187544825,80.90132187544825,1000000
2020-08-03,80.93203128846085,80.93203128846085,80.93203128846085,80.93203128846085,1000000
2020-08-04,80.65259982174481,80.65259982174481,80.65259982174481,80.65259982174481,1000000
2020-08-05,80.43490094035428,80.43490094035428,80.43490094035428,80.43490094035428,1000000
2020-08-06,79.35017622906287,79.35017622906287,79.35017622906287,79.35017622906287,1000000
2020-08-07,78.73374761646721,78.73374761646721,78.73374761646721,78.73374761646721,1000000
2020-08-10,80.05966923665581,80.05966923665581,80.05966923665581,80.05966923665581,1000000
2020-08-11,79.5463000446891,79.5463000446891,79.5463000446891,79.5463000446891,1000000
2020-08-12,78.7316713276471,78.7316713276471,78.7316713276471,78.7316713276471,1000000
2020-08-13,79.02087348850998,79.02087348850998,79.02087348850998,79.02087348850998,1000000
2020-08-14,80.15661853500707,80.15661853500707,80.15661853500707,80.15661853500707,1000000
2020-08-17,79.01516880702142,79.01516880702142,79.01516880702142,79.01516880702142,1000000
2020-08-18,78.87410946726826,78.87410946726826,78.87410946726826,78.87410946726826,1000000
2020-08-19,78.39924587682717,78.39924587682717,78.39924587682717,78.39924587682717,1000000
2020-08-20,77.04213966297347,77.04213966297347,77.04213966297347,77.04213966297347,1000000
2020-08-21,77.6314555666397,77.6314555666397,77.6314555666397,77.6314555666397,1000000
2020-08-24,77.6365451480937,77.6365451480937,77.6365451480937,77.6365451480937,1000000
2020-08-25,77.715301091337,77.715301091337,77.715301091337,77.715301091337,1000000
2020-08-26,77.15395455570864,77.15395455570864,77.15395455570864,77.15395455570864,1000000
2020-08-27,77.52798470852055,77.52798470852055,77.52798470852055,77.52798470852055,1000000
2020-08-28,77.1331367372891,77.1331367372891,77.1331367372891,77.1331367372891,1000000
2020-08-31,77.04605095109851,77.04605095109851,77.04605095109851,77.04605095109851,1000000
2020-09-01,76.21529359176861,76.21529359176861,76.21529359176861,76.21529359176861,1000000
2020-09-02,75.31130189077587,75.31130189077587,75.31130189077587,75.31130189077587,1000000
2020-09-03,76.33970170873559,76.33970170873559,76.33970170873559,76.33970170873559,1000000
2020-09-04,75.97548140045257,75.97548140045257,75.97548140045257,75.97548140045257,1000000
2020-09-07,76.21987959976458,76.21987959976458,76.21987959976458,76.21987959976458,1000000
2020-09-08,76.2169905349486,76.2169905349486,76.2169905349486,76.2169905349486,1000000
2020-09-09,75.90362803467444,75.90362803467444,75.90362803467444,75.90362803467444,1000000
2020-09-10,75.54083831759876,75.54083831759876,75.54083831759876,75.54083831759876,1000000
2020-09-11,76.03947024076528,76.03947024076528,76.03947024076528,76.03947024076528,1000000
2020-09-14,75.83274355452143,75.83274355452143,75.83274355452143,75.83274355452143,1000000
2020-09-15,75.74064950424044,75.74064950424044,75.74064950424044,75.74064950424044,1000000
2020-09-16,75.78020245084078,75.78020245084078,75.78020245084078,75.78020245084078,1000000
2020-09-17,76.69449689851398,76.69449689851398,76.69449689851398,76.69449689851398,1000000
2020-09-18,77.23941971591758,77.23941971591758,77.23941971591758,77.23941971591758,1000000
2020-09-21,77.558109768457,77.558109768457,77.558109768457,77.558109768457,1000000
2020-09-22,77.14428188150701,77.14428188150701,77.14428188150701,77.14428188150701,1000000
2020-09-23,76.10131532119541,76.10131532119541,76.10131532119541,76.10131532119541,1000000
2020-09-24,76.8467504832108,76.8467504832108,76.8467504832108,76.8467504832108,1000000
2020-09-25,77.61248772614262,77.61248772614262,77.61248772614262,77.61248772614262,1000000
2020-09-28,77.5265641834612,77.5265641834612,77.5265641834612,77.5265641834612,1000000
2020-09-29,77.9699260769768,77.9699260769768,77.9699260769768,77.9699260769768,1000000
2020-09-30,78.60260762624802,78.60260762624802,78.60260762624802,78.60260762624802,1000000
2020-10-01,79.27952106251453,79.27952106251453,79.27952106251453,79.27952106251453,1000000
2020-10-02,80.03377332357226,80.03377332357226,80.03377332357226,80.03377332357226,1000000
2020-10-05,79.69313545781702,79.69313545781702,79.69313545781702,79.69313545781702,1000000
2020-10-06,80.92437286967868,80.92437286967868,80.92437286967868,80.92437286967868,1000000
2020-10-07,79.93985256688492,79.93985256688492,79.93985256688492,79.93985256688492,1000000
2020-10-08,80.65269467993855,80.65269467993855,80.65269467993855,80.65269467993855,1000000
2020-10-09,81.07526001996948,81.07526001996948,81.07526001996948,81.07526001996948,1000000
2020-10-12,81.80787156584961,81.80787156584961,81.80787156584961,81.80787156584961,1000000
2020-10-13,83.3695906299007,83.3695906299007,83.3695906299007,83.3695906299007,1000000
2020-10-14,84.63217762136954,84.63217762136954,84.63217762136954,84.63217762136954,1000000
2020-10-15,83.68837912048457,83.68837912048457,83.68837912048457,83.68837912048457,1000000
2020-10-16,82.30026376002627,82.30026376002627,82.30026376002627,82.30026376002627,1000000
2020-10-19,82.99725568938234,82.99725568938234,82.99725568938234,82.99725568938234,1000000
2020-10-20,82.17972241600565,82.17972241600565,82.17972241600565,82.17972241600565,1000000
2020-10-21,82.19418161877529,82.19418161877529,82.19418161877529,82.19418161877529,1000000
2020-10-22,82.90904700081333,82.90904700081333,82.90904700081333,82.90904700081333,1000000
2020-10-23,81.57106299642099,81.57106299642099,81.57106299642099,81.57106299642099,1000000
2020-10-26,79.87440082972297,79.87440082972297,79.87440082972297,79.87440082972297,1000000
2020-10-27,80.10547668882359,80.10547668882359,80.10547668882359,80.10547668882359,1000000
2020-10-28,80.16506386028755,80.16506386028755,80.16506386028755,80.16506386028755,1000000
2020-10-29,79.99206519030176,79.99206519030176,79.99206519030176,79.99206519030176,1000000
2020-10-30,80.04688756321487,80.04688756321487,80.04688756321487,80.04688756321487,1000000
2020-11-02,79.38208566879062,79.38208566879062,79.38208566879062,79.38208566879062,1000000
2020-11-03,78.20445686751816,78.20445686751816,78.20445686751816,78.20445686751816,1000000
2020-11-04,78.09758668360408,78.09758668360408,78.09758668360408,78.09758668360408,1000000
2020-11-05,77.36213492230475,77.36213492230475,77.36213492230475,77.36213492230475,1000000
2020-11-06,76.11391132471489,76.11391132471489,76.11391132471489,76.11391132471489,1000000
2020-11-09,76.52163914037845,76.52163914037845,76.52163914037845,76.52163914037845,1000000
2020-11-10,76.49761239524221,76.49761239524221,76.49761239524221,76.49761239524221,1000000
2020-11-11,76.83154630319021,76.83154630319021,76.83154630319021,76.83154630319021,1000000
2020-11-12,76.09450516608437,76.09450516608437,76.09450516608437,76.09450516608437,1000000
2020-11-13,75.61658693628416,75.61658693628416,75.61658693628416,75.61658693628416,1000000
2020-11-16,74.88382967315623,74.88382967315623,74.88382967315623,74.88382967315623,1000000
2020-11-17,74.24234343651955,74.24234343651955,74.24234343651955,74.24234343651955,1000000
2020-11-18,74.40969155694816,74.40969155694816,74.40969155694816,74.40969155694816,1000000
2020-11-19,73.84940546743121,73.84940546743121,73.84940546743121,73.84940546743121,1000000
2020-11-20,74.13451312643517,74.13451312643517,74.13451312643517,74.13451312643517,1000000
2020-11-23,74.4086298815001,74.4086298815001,74.4086298815001,74.4086298815001,1000000
2020-11-24,75.9378470136967,75.9378470136967,75.9378470136967,75.9378470136967,1000000
2020-11-25,74.90297435292695,74.90297435292695,74.90297435292695,74.90297435292695,1000000
2020-11-26,75.59051053558163,75.59051053558163,75.59051053558163,75.59051053558163,1000000
2020-11-27,75.54554328148296,75.54554328148296,75.54554328148296,75.54554328148296,1000000
2020-11-30,75.55760810861901,75.55760810861901,75.55760810861901,75.55760810861901,1000000
2020-12-01,74.48479296638676,74.48479296638676,74.48479296638676,74.48479296638676,1000000
2020-12-02,74.1643639956246,74.1643639956246,74.1643639956246,74.1643639956246,1000000
2020-12-03,74.73780082848937,74.73780082848937,74.73780082848937,74.73780082848937,1000000
2020-12-04,74.69857964733305,74.69857964733305,74.69857964733305,74.69857964733305,1000000
2020-12-07,74.78153568466655,74.78153568466655,74.78153568466655,74.78153568466655,1000000
2020-12-08,74.58656774712738,74.58656774712738,74.58656774712738,74.58656774712738,1000000
2020-12-09,75.47009766397528,75.47009766397528,75.47009766397528,75.47009766397528,1000000
2020-12-10,75.47653332595577,75.47653332595577,75.47653332595577,75.47653332595577,1000000
2020-12-11,73.83837881760307,73.83837881760307,73.83837881760307,73.83837881760307,1000000
2020-12-14,73.34951517973636,73.34951517973636,73.34951517973636,73.34951517973636,1000000
2020-12-15,71.92741726812181,71.92741726812181,71.92741726812181,71.92741726812181,1000000
2020-12-16,69.61031981697205,69.61031981697205,69.61031981697205,69.61031981697205,1000000
2020-12-17,69.26218792254178,69.26218792254178,69.26218792254178,69.26218792254178,1000000
2020-12-18,70.20661930835627,70.20661930835627,70.20661930835627,70.20661930835627,1000000
2020-12-21,70.26076258726434,70.26076258726434,70.26076258726434,70.26076258726434,1000000
2020-12-22,69.45800126033355,69.45800126033355,69.45800126033355,69.45800126033355,1000000
2020-12-23,68.82544733439964,68.82544733439964,68.82544733439964,68.82544733439964,1000000
2020-12-24,69.62424458194144,69.62424458194144,69.62424458194144,69.62424458194144,1000000
2020-12-25,69.75487820111722,69.75487820111722,69.75487820111722,69.75487820111722,1000000
2020-12-28,69.80928647706664,69.80928647706664,69.80928647706664,69.80928647706664,1000000
2020-12-29,69.79290796968404,69.79290796968404,69.79290796968404,69.79290796968404,1000000
2020-12-30,69.84064650128238,69.84064650128238,69.84064650128238,69.84064650128238,1000000
2020-12-31,70.42409920601614,70.42409920601614,70.42409920601614,70.42409920601614,1000000
2021-01-01,70.834366977448,70.834366977448,70.834366977448,70.834366977448,1000000
2021-01-04,71.00841034634419,71.00841034634419,71.00841034634419,71.00841034634419,1000000
2021-01-05,70.2891886267184,70.2891886267184,70.2891886267184,70.2891886267184,1000000
2021-01-06,70.66952958716152,70.66952958716152,70.66952958716152,70.66952958716152,1000000
2021-01-07,70.20717625480647,70.20717625480647,70.20717625480647,70.20717625480647,1000000
2021-01-08,70.99619656931793,70.99619656931793,70.99619656931793,70.99619656931793,1000000
2021-01-11,70.11509768840153,70.11509768840153,70.11509768840153,70.11509768840153,1000000
2021-01-12,70.0396391357527,70.0396391357527,70.0396391357527,70.0396391357527,1000000
2021-01-13,70.05549731032843,70.05549731032843,70.05549731032843,70.05549731032843,1000000
2021-01-14,69.14852693141866,69.14852693141866,69.14852693141866,69.14852693141866,1000000
2021-01-15,70.35998951540157,70.35998951540157,70.35998951540157,70.35998951540157,1000000
2021-01-18,71.40863956058222,71.40863956058222,71.40863956058222,71.40863956058222,1000000
2021-01-19,71.09902329506158,71.09902329506158,71.09902329506158,71.09902329506158,1000000
2021-01-20,71.66903921332774,71.66903921332774,71.66903921332774,71.66903921332774,1000000
2021-01-21,71.96193342595517,71.96193342595517,71.96193342595517,71.96193342595517,1000000
2021-01-22,70.10275408492268,70.10275408492268,70.10275408492268,70.10275408492268,1000000
2021-01-25,70.29932081673277,70.29932081673277,70.29932081673277,70.29932081673277,1000000
2021-01-26,70.27728614149373,70.27728614149373,70.27728614149373,70.27728614149373,1000000
2021-01-27,70.35685222495685,70.35685222495685,70.35685222495685,70.35685222495685,1000000
2021-01-28,69.6203039846339,69.6203039846339,69.6203039846339,69.6203039846339,1000000
2021-01-29,69.45366984347703,69.45366984347703,69.45366984347703,69.45366984347703,1000000
2021-02-01,69.35069869144347,69.35069869144347,69.35069869144347,69.35069869144347,1000000
2021-02-02,70.19545554180029,70.19545554180029,70.19545554180029,70.19545554180029,1000000
2021-02-03,70.45126677695936,70.45126677695936,70.45126677695936,70.45126677695936,1000000
2021-02-04,70.46848856784482,70.46848856784482,70.46848856784482,70.46848856784482,1000000
2021-02-05,71.56707116259882,71.56707116259882,71.56707116259882,71.56707116259882,1000000
2021-02-08,71.1911666029248,71.1911666029248,71.1911666029248,71.1911666029248,1000000
2021-02-09,70.93528397575956,70.93528397575956,70.93528397575956,70.93528397575956,1000000
2021-02-10,69.66784423451507,69.66784423451507,69.66784423451507,69.66784423451507,1000000
2021-02-11,70.78190680464897,70.78190680464897,70.78190680464897,70.78190680464897,1000000
2021-02-12,71.48571421483283,71.48571421483283,71.48571421483283,71.48571421483283,1000000
2021-02-15,72.16257530198119,72.16257530198119,72.16257530198119,72.16257530198119,1000000
2021-02-16,72.66691841968283,72.66691841968283,72.66691841968283,72.66691841968283,1000000
2021-02-17,72.76876007954671,72.76876007954671,72.76876007954671,72.76876007954671,1000000
2021-02-18,72.94739933672211,72.94739933672211,72.94739933672211,72.94739933672211,1000000
2021-02-19,72.78545130276598,72.78545130276598,72.78545130276598,72.78545130276598,1000000
2021-02-22,72.65909544944002,72.65909544944002,72.65909544944002,72.65909544944002,1000000
2021-02-23,72.72034969114239,72.72034969114239,72.72034969114239,72.72034969114239,1000000
2021-02-24,73.84157350359281,73.84157350359281,73.84157350359281,73.84157350359281,1000000
2021-02-25,74.27405466610809,74.27405466610809,74.27405466610809,74.27405466610809,1000000
2021-02-26,74.2529161767439,74.2529161767439,74.2529161767439,74.2529161767439,1000000
2021-03-01,73.84497655804647,73.84497655804647,73.84497655804647,73.84497655804647,1000000
2021-03-02,73.39821556684079,73.39821556684079,73.39821556684079,73.39821556684079,1000000
2021-03-03,74.5965919105118,74.5965919105118,74.5965919105118,74.5965919105118,1000000
2021-03-04,74.99694234868163,74.99694234868163,74.99694234868163,74.99694234868163,1000000
2021-03-05,75.07010228465867,75.07010228465867,75.07010228465867,75.07010228465867,1000000
2021-03-08,74.83274425234912,74.83274425234912,74.83274425234912,74.83274425234912,1000000
2021-03-09,74.02525897242501,74.02525897242501,74.02525897242501,74.02525897242501,1000000
2021-03-10,73.99797210904666,73.99797210904666,73.99797210904666,73.99797210904666,1000000
2021-03-11,74.66666072935507,74.66666072935507,74.66666072935507,74.66666072935507,1000000
2021-03-12,74.39596627324137,74.39596627324137,74.39596627324137,74.39596627324137,1000000
2021-03-15,74.24922574771581,74.24922574771581,74.24922574771581,74.24922574771581,1000000
2021-03-16,74.1073842208602,74.1073842208602,74.1073842208602,74.1073842208602,1000000
2021-03-17,74.21083395550329,74.21083395550329,74.21083395550329,74.21083395550329,1000000
2021-03-18,73.05091054757094,73.05091054757094,73.05091054757094,73.05091054757094,1000000
2021-03-19,72.90086518121073,72.90086518121073,72.90086518121073,72.90086518121073,1000000
2021-03-22,72.29987371596128,72.29987371596128,72.29987371596128,72.29987371596128,1000000
2021-03-23,72.96111753952913,72.96111753952913,72.96111753952913,72.96111753952913,1000000
2021-03-24,72.42076846862444,72.42076846862444,72.42076846862444,72.42076846862444,1000000
2021-03-25,72.8603963879834,72.8603963879834,72.8603963879834,72.8603963879834,1000000
2021-03-26,73.99296567764338,73.99296567764338,73.99296567764338,73.99296567764338,1000000
2021-03-29,73.78312439337019,73.78312439337019,73.78312439337019,73.78312439337019,1000000
2021-03-30,73.36139757626297,73.36139757626297,73.36139757626297,73.36139757626297,1000000
2021-03-31,73.52384337624257,73.52384337624257,73.52384337624257,73.52384337624257,1000000
2021-04-01,73.54440871017412,73.54440871017412,73.54440871017412,73.54440871017412,1000000
2021-04-02,72.83572276528855,72.83572276528855,72.83572276528855,72.83572276528855,1000000
2021-04-05,73.19328746991852,73.19328746991852,73.19328746991852,73.19328746991852,1000000
2021-04-06,74.69046791518211,74.69046791518211,74.69046791518211,74.69046791518211,1000000
2021-04-07,74.52008999854749,74.52008999854749,74.52008999854749,74.52008999854749,1000000
2021-04-08,74.39126250165403,74.39126250165403,74.39126250165403,74.39126250165403,1000000
2021-04-09,73.6362417557874,73.6362417557874,73.6362417557874,73.6362417557874,1000000
2021-04-12,73.89329737201284,73.89329737201284,73.89329737201284,73.89329737201284,1000000
2021-04-13,72.99403351134293,72.99403351134293,72.99403351134293,72.99403351134293,1000000
2021-04-14,72.20793811853376,72.20793811853376,72.20793811853376,72.20793811853376,1000000
2021-04-15,73.15362185174541,73.15362185174541,73.15362185174541,73.15362185174541,1000000
2021-04-16,72.51319623118631,72.51319623118631,72.51319623118631,72.51319623118631,1000000
2021-04-19,73.3190771262657,73.3190771262657,73.3190771262657,73.3190771262657,1000000
2021-04-20,74.45871806987749,74.45871806987749,74.45871806987749,74.45871806987749,1000000
2021-04-21,74.67414684115167,74.67414684115167,74.67414684115167,74.67414684115167,1000000
2021-04-22,75.10978939397515,75.10978939397515,75.10978939397515,75.10978939397515,1000000
2021-04-23,76.59865390303837,76.59865390303837,76.59865390303837,76.59865390303837,1000000
2021-04-26,76.47094219138198,76.47094219138198,76.47094219138198,76.47094219138198,1000000
2021-04-27,76.04040635386863,76.04040635386863,76.04040635386863,76.04040635386863,1000000
2021-04-28,75.03421607520706,75.03421607520706,75.03421607520706,75.03421607520706,1000000
2021-04-29,75.08802092081535,75.08802092081535,75.08802092081535,75.08802092081535,1000000
2021-04-30,76.22120744163496,76.22120744163496,76.22120744163496,76.22120744163496,1000000
2021-05-03,76.97548899012536,76.97548899012536,76.97548899012536,76.97548899012536,1000000
2021-05-04,76.27340229700778,76.27340229700778,76.27340229700778,76.27340229700778,1000000
2021-05-05,75.64386041003667,75.64386041003667,75.64386041003667,75.64386041003667,1000000
2021-05-06,75.28517898720943,75.28517898720943,75.28517898720943,75.28517898720943,1000000
2021-05-07,75.5277990899347,75.5277990899347,75.5277990899347,75.5277990899347,1000000
2021-05-10,75.39539022749014,75.39539022749014,75.39539022749014,75.39539022749014,1000000
2021-05-11,75.57969723358345,75.57969723358345,75.57969723358345,75.57969723358345,1000000
2021-05-12,75.82664586625307,75.82664586625307,75.82664586625307,75.82664586625307,1000000
2021-05-13,75.62284387050038,75.62284387050038,75.62284387050038,75.62284387050038,1000000
2021-05-14,75.61515004652651,75.61515004652651,75.61515004652651,75.61515004652651,1000000
2021-05-17,75.79404972755705,75.79404972755705,75.79404972755705,75.79404972755705,1000000
2021-05-18,75.75314390362331,75.75314390362331,75.75314390362331,75.75314390362331,1000000
2021-05-19,76.15730273223811,76.15730273223811,76.15730273223811,76.15730273223811,1000000
2021-05-20,77.60495844949529,77.60495844949529,77.60495844949529,77.60495844949529,1000000
2021-05-21,78.08763978265907,78.08763978265907,78.08763978265907,78.08763978265907,1000000
2021-05-24,78.15464721303411,78.15464721303411,78.15464721303411,78.15464721303411,1000000
2021-05-25,76.86031354551626,76.86031354551626,76.86031354551626,76.86031354551626,1000000
2021-05-26,77.18155667231325,77.18155667231325,77.18155667231325,77.18155667231325,1000000
2021-05-27,75.70223443770915,75.70223443770915,75.70223443770915,75.70223443770915,1000000
2021-05-28,74.65827482083132,74.65827482083132,74.65827482083132,74.65827482083132,1000000
2021-05-31,75.3187312251124,75.3187312251124,75.3187312251124,75.3187312251124,1000000
2021-06-01,75.87325413124178,75.87325413124178,75.87325413124178,75.87325413124178,1000000
2021-06-02,75.78225251022207,75.78225251022207,75.78225251022207,75.78225251022207,1000000
2021-06-03,74.50910225155802,74.50910225155802,74.50910225155802,74.50910225155802,1000000
2021-06-04,74.25476653607365,74.25476653607365,74.25476653607365,74.25476653607365,1000000
2021-06-07,73.77304741245229,73.77304741245229,73.77304741245229,73.77304741245229,1000000
2021-06-08,74.26499615226048,74.26499615226048,74.26499615226048,74.26499615226048,1000000
2021-06-09,75.96397914414187,75.96397914414187,75.96397914414187,75.96397914414187,1000000
2021-06-10,76.15155736851227,76.15155736851227,76.15155736851227,76.15155736851227,1000000
2021-06-11,75.58094527498025,75.58094527498025,75.58094527498025,75.58094527498025,1000000
2021-06-14,74.71890564702882,74.71890564702882,74.71890564702882,74.71890564702882,1000000
2021-06-15,74.6994082860023,74.6994082860023,74.6994082860023,74.6994082860023,1000000
2021-06-16,74.58975463904352,74.58975463904352,74.58975463904352,74.58975463904352,1000000
2021-06-17,73.75321624972212,73.75321624972212,73.75321624972212,73.75321624972212,1000000
2021-06-18,73.86115794319495,73.86115794319495,73.86115794319495,73.86115794319495,1000000
2021-06-21,73.03323823681292,73.03323823681292,73.03323823681292,73.03323823681292,1000000
2021-06-22,73.86735616149494,73.86735616149494,73.86735616149494,73.86735616149494,1000000
2021-06-23,74.6744682760732,74.6744682760732,74.6744682760732,74.6744682760732,1000000
2021-06-24,75.5069028560341,75.5069028560341,75.5069028560341,75.5069028560341,1000000
2021-06-25,75.17161409855997,75.17161409855997,75.17161409855997,75.17161409855997,1000000
2021-06-28,75.58093899510475,75.58093899510475,75.58093899510475,75.58093899510475,1000000
2021-06-29,75.50379390463229,75.50379390463229,75.50379390463229,75.50379390463229,1000000
2021-06-30,75.232877185286,75.232877185286,75.232877185286,75.232877185286,1000000
2021-07-01,75.00029801272467,75.00029801272467,75.00029801272467,75.00029801272467,1000000
2021-07-02,74.04800777403597,74.04800777403597,74.04800777403597,74.04800777403597,1000000
2021-07-05,73.00106987458527,73.00106987458527,73.00106987458527,73.00106987458527,1000000
2021-07-06,73.60282849105923,73.60282849105923,73.60282849105923,73.60282849105923,1000000
2021-07-07,73.48415467324547,73.48415467324547,73.48415467324547,73.48415467324547,1000000
2021-07-08,73.66523789200141,73.66523789200141,73.66523789200141,73.66523789200141,1000000
2021-07-09,74.42524980401262,74.42524980401262,74.42524980401262,74.42524980401262,1000000
2021-07-12,73.1576891901036,73.1576891901036,73.1576891901036,73.1576891901036,1000000
2021-07-13,72.60598505461226,72.60598505461226,72.60598505461226,72.60598505461226,1000000
2021-07-14,72.75507044037043,72.75507044037043,72.75507044037043,72.75507044037043,1000000
2021-07-15,73.0621657997341,73.0621657997341,73.0621657997341,73.0621657997341,1000000
2021-07-16,72.80858568933354,72.80858568933354,72.80858568933354,72.80858568933354,1000000
2021-07-19,73.57975910857598,73.57975910857598,73.57975910857598,73.57975910857598,1000000
2021-07-20,73.75664112547604,73.75664112547604,73.75664112547604,73.75664112547604,1000000
2021-07-21,72.8838182081978,72.8838182081978,72.8838182081978,72.8838182081978,1000000
2021-07-22,72.22730717521948,72.22730717521948,72.22730717521948,72.22730717521948,1000000
2021-07-23,72.830745424443,72.830745424443,72.830745424443,72.830745424443,1000000
2021-07-26,73.19040655532031,73.19040655532031,73.19040655532031,73.19040655532031,1000000
2021-07-27,71.82243303572348,71.82243303572348,71.82243303572348,71.82243303572348,1000000
2021-07-28,72.81193953258997,72.81193953258997,72.81193953258997,72.81193953258997,1000000
2021-07-29,73.26921819471838,73.26921819471838,73.26921819471838,73.26921819471838,1000000
2021-07-30,74.27545586493558,74.27545586493558,74.27545586493558,74.27545586493558,1000000
2021-08-02,74.01274292311876,74.01274292311876,74.01274292311876,74.01274292311876,1000000
2021-08-03,73.81608646059334,73.81608646059334,73.81608646059334,73.81608646059334,1000000
2021-08-04,73.00672475091,73.00672475091,73.00672475091,73.00672475091,1000000
2021-08-05,74.88075595672589,74.88075595672589,74.88075595672589,74.88075595672589,1000000
2021-08-06,74.77183873317003,74.77183873317003,74.77183873317003,74.77183873317003,1000000
2021-08-09,75.98129804300903,75.98129804300903,75.98129804300903,75.98129804300903,1000000
2021-08-10,75.51227122572347,75.51227122572347,75.51227122572347,75.51227122572347,1000000
2021-08-11,75.65864511262522,75.65864511262522,75.65864511262522,75.65864511262522,1000000
2021-08-12,74.41682005976391,74.41682005976391,74.41682005976391,74.41682005976391,1000000
2021-08-13,74.15422754861612,74.15422754861612,74.15422754861612,74.15422754861612,1000000
2021-08-16,74.90596967017635,74.90596967017635,74.90596967017635,74.90596967017635,1000000
2021-08-17,73.99081061823487,73.99081061823487,73.99081061823487,73.99081061823487,1000000
2021-08-18,74.80635771358945,74.80635771358945,74.80635771358945,74.80635771358945,1000000
2021-08-19,75.08107494777263,75.08107494777263,75.08107494777263,75.08107494777263,1000000
2021-08-20,74.31978969385156,74.31978969385156,74.31978969385156,74.31978969385156,1000000
2021-08-23,73.96929959352606,73.96929959352606,73.96929959352606,73.96929959352606,1000000
2021-08-24,73.65192271767084,73.65192271767084,73.65192271767084,73.65192271767084,1000000
2021-08-25,73.63754634997444,73.63754634997444,73.63754634997444,73.63754634997444,1000000
2021-08-26,73.2648343524555,73.2648343524555,73.2648343524555,73.2648343524555,1000000
2021-08-27,72.68070269261888,72.68070269261888,72.68070269261888,72.68070269261888,1000000
2021-08-30,72.48113042092359,72.48113042092359,72.48113042092359,72.48113042092359,1000000
2021-08-31,71.75857346932956,71.75857346932956,71.75857346932956,71.75857346932956,1000000
2021-09-01,70.85475516833375,70.85475516833375,70.85475516833375,70.85475516833375,1000000
2021-09-02,70.84187626615494,70.84187626615494,70.84187626615494,70.84187626615494,1000000
2021-09-03,71.48857349548794,71.48857349548794,71.48857349548794,71.48857349548794,1000000
2021-09-06,70.41669405210456,70.41669405210456,70.41669405210456,70.41669405210456,1000000
2021-09-07,70.44028938460345,70.44028938460345,70.44028938460345,70.44028938460345,1000000
2021-09-08,70.00359044692765,70.00359044692765,70.00359044692765,70.00359044692765,1000000
2021-09-09,69.34055463417911,69.34055463417911,69.34055463417911,69.34055463417911,1000000
2021-09-10,69.95313520241861,69.95313520241861,69.95313520241861,69.95313520241861,1000000
2021-09-13,69.61164519979178,69.61164519979178,69.61164519979178,69.61164519979178,1000000
2021-09-14,70.67552114498935,70.67552114498935,70.67552114498935,70.67552114498935,1000000
2021-09-15,70.14556826662862,70.14556826662862,70.14556826662862,70.14556826662862,1000000
2021-09-16,70.43772595689929,70.43772595689929,70.43772595689929,70.43772595689929,1000000
2021-09-17,70.298764293381,70.298764293381,70.298764293381,70.298764293381,1000000
2021-09-20,69.78978590835058,69.78978590835058,69.78978590835058,69.78978590835058,1000000
2021-09-21,70.22085999817492,70.22085999817492,70.22085999817492,70.22085999817492,1000000
2021-09-22,70.13309616051393,70.13309616051393,70.13309616051393,70.13309616051393,1000000
2021-09-23,70.57718634598437,70.57718634598437,70.57718634598437,70.57718634598437,1000000
2021-09-24,70.56498248671382,70.56498248671382,70.56498248671382,70.56498248671382,1000000
2021-09-27,69.81994593106847,69.81994593106847,69.81994593106847,69.81994593106847,1000000
2021-09-28,69.76962722444104,69.76962722444104,69.76962722444104,69.76962722444104,1000000
2021-09-29,69.82680704070361,69.82680704070361,69.82680704070361,69.82680704070361,1000000
2021-09-30,70.51701916017909,70.51701916017909,70.51701916017909,70.51701916017909,1000000
2021-10-01,69.89910037638182,69.89910037638182,69.89910037638182,69.89910037638182,1000000
2021-10-04,69.89257889288155,69.89257889288155,69.89257889288155,69.89257889288155,1000000
2021-10-05,68.71008121658365,68.71008121658365,68.71008121658365,68.71008121658365,1000000
2021-10-06,69.1783356518309,69.1783356518309,69.1783356518309,69.1783356518309,1000000
2021-10-07,68.45093723031215,68.45093723031215,68.45093723031215,68.45093723031215,1000000
2021-10-08,67.23500248955054,67.23500248955054,67.23500248955054,67.23500248955054,1000000
2021-10-11,67.21535855029855,67.21535855029855,67.21535855029855,67.21535855029855,1000000
2021-10-12,67.97871326726559,67.97871326726559,67.97871326726559,67.97871326726559,1000000
2021-10-13,66.96280746140924,66.96280746140924,66.96280746140924,66.96280746140924,1000000
2021-10-14,66.25431712949239,66.25431712949239,66.25431712949239,66.25431712949239,1000000
2021-10-15,65.78174172116891,65.78174172116891,65.78174172116891,65.78174172116891,1000000
2021-10-18,65.0584736770393,65.0584736770393,65.0584736770393,65.0584736770393,1000000
2021-10-19,65.3248412119979,65.3248412119979,65.3248412119979,65.3248412119979,1000000
2021-10-20,64.81702716288883,64.81702716288883,64.81702716288883,64.81702716288883,1000000
2021-10-21,64.36880786832204,64.36880786832204,64.36880786832204,64.36880786832204,1000000
2021-10-22,64.7635852420459,64.7635852420459,64.7635852420459,64.7635852420459,1000000
2021-10-25,64.293715955575,64.293715955575,64.293715955575,64.293715955575,1000000
2021-10-26,64.59125447714106,64.59125447714106,64.59125447714106,64.59125447714106,1000000
2021-10-27,63.983201985160655,63.983201985160655,63.983201985160655,63.983201985160655,1000000
2021-10-28,63.22683191186591,63.22683191186591,63.22683191186591,63.22683191186591,1000000
2021-10-29,62.085303524535185,62.085303524535185,62.085303524535185,62.085303524535185,1000000
2021-11-01,63.2594625150538,63.2594625150538,63.2594625150538,63.2594625150538,1000000
2021-11-02,63.07584621142633,63.07584621142633,63.07584621142633,63.07584621142633,1000000
2021-11-03,63.248632001315265,63.248632001315265,63.248632001315265,63.248632001315265,1000000
2021-11-04,63.24796820124218,63.24796820124218,63.24796820124218,63.24796820124218,1000000
2021-11-05,63.36811515290866,63.36811515290866,63.36811515290866,63.36811515290866,1000000
2021-11-08,63.41861097291991,63.41861097291991,63.41861097291991,63.41861097291991,1000000
2021-11-09,64.64780129682272,64.64780129682272,64.64780129682272,64.64780129682272,1000000
2021-11-10,63.99555243906994,63.99555243906994,63.99555243906994,63.99555243906994,1000000
2021-11-11,63.01804462597496,63.01804462597496,63.01804462597496,63.01804462597496,1000000
2021-11-12,62.39923284388041,62.39923284388041,62.39923284388041,62.39923284388041,1000000
2021-11-15,61.58510443094609,61.58510443094609,61.58510443094609,61.58510443094609,1000000
2021-11-16,62.063597322355925,62.063597322355925,62.063597322355925,62.063597322355925,1000000
2021-11-17,62.59137263004049,62.59137263004049,62.59137263004049,62.59137263004049,1000000
2021-11-18,62.00844944681395,62.00844944681395,62.00844944681395,62.00844944681395,1000000
2021-11-19,61.16486431610952,61.16486431610952,61.16486431610952,61.16486431610952,1000000
2021-11-22,60.966202883912516,60.966202883912516,60.966202883912516,60.966202883912516,1000000
2021-11-23,61.832608150530355,61.832608150530355,61.832608150530355,61.832608150530355,1000000
2021-11-24,60.10774462333609,60.10774462333609,60.10774462333609,60.10774462333609,1000000
2021-11-25,60.44232042016128,60.44232042016128,60.44232042016128,60.44232042016128,1000000
2021-11-26,59.81024169477621,59.81024169477621,59.81024169477621,59.81024169477621,1000000
2021-11-29,60.450430872144025,60.450430872144025,60.450430872144025,60.450430872144025,1000000
2021-11-30,59.81695633467168,59.81695633467168,59.81695633467168,59.81695633467168,1000000
2021-12-01,59.66417436083413,59.66417436083413,59.66417436083413,59.66417436083413,1000000
2021-12-02,58.783364624175995,58.783364624175995,58.783364624175995,58.783364624175995,1000000
2021-12-03,58.22653458798656,58.22653458798656,58.22653458798656,58.22653458798656,1000000
2021-12-06,59.05092866796788,59.05092866796788,59.05092866796788,59.05092866796788,1000000
2021-12-07,59.55320328103777,59.55320328103777,59.55320328103777,59.55320328103777,1000000
2021-12-08,59.3318629908566,59.3318629908566,59.3318629908566,59.3318629908566,1000000
2021-12-09,58.83337307127998,58.83337307127998,58.83337307127998,58.83337307127998,1000000
2021-12-10,57.736832465326835,57.736832465326835,57.736832465326835,57.736832465326835,1000000
2021-12-13,57.526868598827654,57.526868598827654,57.526868598827654,57.526868598827654,1000000
2021-12-14,57.526348985899226,57.526348985899226,57.526348985899226,57.526348985899226,1000000
2021-12-15,57.49525348736927,57.49525348736927,57.49525348736927,57.49525348736927,1000000
2021-12-16,57.45857615667489,57.45857615667489,57.45857615667489,57.45857615667489,1000000
2021-12-17,56.8312378905288,56.8312378905288,56.8312378905288,56.8312378905288,1000000
2021-12-20,56.81062299244453,56.81062299244453,56.81062299244453,56.81062299244453,1000000
2021-12-21,56.80569559149613,56.80569559149613,56.80569559149613,56.80569559149613,1000000
2021-12-22,57.55585004278746,57.55585004278746,57.55585004278746,57.55585004278746,1000000
2021-12-23,58.647531105485896,58.647531105485896,58.647531105485896,58.647531105485896,1000000
2021-12-24,58.58478468264483,58.58478468264483,58.58478468264483,58.58478468264483,1000000
2021-12-27,58.15342142654294,58.15342142654294,58.15342142654294,58.15342142654294,1000000
2021-12-28,58.13307812119849,58.13307812119849,58.13307812119849,58.13307812119849,1000000
2021-12-29,57.79728909401016,57.79728909401016,57.79728909401016,57.79728909401016,1000000
2021-12-30,57.38552166191981,57.38552166191981,57.38552166191981,57.38552166191981,1000000
2021-12-31,57.36908062278236,57.36908062278236,57.36908062278236,57.36908062278236,1000000
2022-01-03,56.78775718672037,56.78775718672037,56.78775718672037,56.78775718672037,1000000
2022-01-04,57.14898794401462,57.14898794401462,57.14898794401462,57.14898794401462,1000000
2022-01-05,57.10674595572266,57.10674595572266,57.10674595572266,57.10674595572266,1000000
2022-01-06,57.26664958817609,57.26664958817609,57.26664958817609,57.26664958817609,1000000
2022-01-07,57.17906595369673,57.17906595369673,57.17906595369673,57.17906595369673,1000000
2022-01-10,56.78038237343719,56.78038237343719,56.78038237343719,56.78038237343719,1000000
2022-01-11,56.25916142537827,56.25916142537827,56.25916142537827,56.25916142537827,1000000
2022-01-12,56.142549683509245,56.142549683509245,56.142549683509245,56.142549683509245,1000000
2022-01-13,55.851304403330495,55.851304403330495,55.851304403330495,55.851304403330495,1000000
2022-01-14,55.99869674026582,55.99869674026582,55.99869674026582,55.99869674026582,1000000
2022-01-17,56.013014653253826,56.013014653253826,56.013014653253826,56.013014653253826,1000000
2022-01-18,55.26674947931357,55.26674947931357,55.26674947931357,55.26674947931357,1000000
2022-01-19,55.32042526455969,55.32042526455969,55.32042526455969,55.32042526455969,1000000
2022-01-20,54.59414529866735,54.59414529866735,54.59414529866735,54.59414529866735,1000000
2022-01-21,54.273962851647184,54.273962851647184,54.273962851647184,54.273962851647184,1000000
2022-01-24,54.130487671983296,54.130487671983296,54.130487671983296,54.130487671983296,1000000
2022-01-25,53.023371272425145,53.023371272425145,53.023371272425145,53.023371272425145,1000000
2022-01-26,53.0877986176276,53.0877986176276,53.0877986176276,53.0877986176276,1000000
2022-01-27,53.18387869385538,53.18387869385538,53.18387869385538,53.18387869385538,1000000
2022-01-28,53.11579046212561,53.11579046212561,53.11579046212561,53.11579046212561,1000000
2022-01-31,52.90634572592363,52.90634572592363,52.90634572592363,52.90634572592363,1000000
2022-02-01,52.72455758557989,52.72455758557989,52.72455758557989,52.72455758557989,1000000
2022-02-02,52.22549883838181,52.22549883838181,52.22549883838181,52.22549883838181,1000000
2022-02-03,52.1003141245735,52.1003141245735,52.1003141245735,52.1003141245735,1000000
2022-02-04,51.82803173329016,51.82803173329016,51.82803173329016,51.82803173329016,1000000
2022-02-07,51.89109887722696,51.89109887722696,51.89109887722696,51.89109887722696,1000000
2022-02-08,51.281826758048034,51.281826758048034,51.281826758048034,51.281826758048034,1000000
2022-02-09,51.41802611507399,51.41802611507399,51.41802611507399,51.41802611507399,1000000
2022-02-10,51.50709185095859,51.50709185095859,51.50709185095859,51.50709185095859,1000000
2022-02-11,51.44962908051676,51.44962908051676,51.44962908051676,51.44962908051676,1000000
2022-02-14,51.23909471685928,51.23909471685928,51.23909471685928,51.23909471685928,1000000
2022-02-15,51.5374804059361,51.5374804059361,51.5374804059361,51.5374804059361,1000000
2022-02-16,50.69504787158211,50.69504787158211,50.69504787158211,50.69504787158211,1000000
2022-02-17,50.94368342614255,50.94368342614255,50.94368342614255,50.94368342614255,1000000
2022-02-18,51.082778768553325,51.082778768553325,51.082778768553325,51.082778768553325,1000000
2022-02-21,51.242860086781874,51.242860086781874,51.242860086781874,51.242860086781874,1000000
2022-02-22,51.45465328024319,51.45465328024319,51.45465328024319,51.45465328024319,1000000
2022-02-23,51.1337592131292,51.1337592131292,51.1337592131292,51.1337592131292,1000000
2022-02-24,51.016427659427045,51.016427659427045,51.016427659427045,51.016427659427045,1000000
2022-02-25,51.356736990418206,51.356736990418206,51.356736990418206,51.356736990418206,1000000
2022-02-28,51.593306275476614,51.593306275476614,51.593306275476614,51.593306275476614,1000000
2022-03-01,51.7154342175446,51.7154342175446,51.7154342175446,51.7154342175446,1000000
2022-03-02,50.947811557602066,50.947811557602066,50.947811557602066,50.947811557602066,1000000
2022-03-03,51.23713761475266,51.23713761475266,51.23713761475266,51.23713761475266,1000000
2022-03-04,51.851712217569215,51.851712217569215,51.851712217569215,51.851712217569215,1000000
2022-03-07,52.39079968814989,52.39079968814989,52.39079968814989,52.39079968814989,1000000
2022-03-08,52.52904750810151,52.52904750810151,52.52904750810151,52.52904750810151,1000000
2022-03-09,51.726572488643164,51.726572488643164,51.726572488643164,51.726572488643164,1000000
2022-03-10,52.22963658695936,52.22963658695936,52.22963658695936,52.22963658695936,1000000
2022-03-11,52.16839491631927,52.16839491631927,52.16839491631927,52.16839491631927,1000000
2022-03-14,50.86287058345721,50.86287058345721,50.86287058345721,50.86287058345721,1000000
2022-03-15,51.06998795790588,51.06998795790588,51.06998795790588,51.06998795790588,1000000
2022-03-16,50.32325700436326,50.32325700436326,50.32325700436326,50.32325700436326,1000000
2022-03-17,49.68594285638415,49.68594285638415,49.68594285638415,49.68594285638415,1000000
2022-03-18,49.38536332681466,49.38536332681466,49.38536332681466,49.38536332681466,1000000
2022-03-21,50.02865271267517,50.02865271267517,50.02865271267517,50.02865271267517,1000000
2022-03-22,49.85813237414597,49.85813237414597,49.85813237414597,49.85813237414597,1000000
2022-03-23,50.00820115839478,50.00820115839478,50.00820115839478,50.00820115839478,1000000
2022-03-24,50.897330954239806,50.897330954239806,50.897330954239806,50.897330954239806,1000000
2022-03-25,51.723918757334076,51.723918757334076,51.723918757334076,51.723918757334076,1000000
2022-03-28,51.6859774961258,51.6859774961258,51.6859774961258,51.6859774961258,1000000
2022-03-29,51.57665078826403,51.57665078826403,51.57665078826403,51.57665078826403,1000000
2022-03-30,50.94180893966437,50.94180893966437,50.94180893966437,50.94180893966437,1000000
2022-03-31,50.6033219770306,50.6033219770306,50.6033219770306,50.6033219770306,1000000
2022-04-01,50.83374842782238,50.83374842782238,50.83374842782238,50.83374842782238,1000000
2022-04-04,51.050163332260546,51.050163332260546,51.050163332260546,51.050163332260546,1000000
2022-04-05,51.12175517832912,51.12175517832912,51.12175517832912,51.12175517832912,1000000
2022-04-06,51.64565177277242,51.64565177277242,51.64565177277242,51.64565177277242,1000000
2022-04-07,51.26225097388885,51.26225097388885,51.26225097388885,51.26225097388885,1000000
2022-04-08,51.248883562667146,51.248883562667146,51.248883562667146,51.248883562667146,1000000
2022-04-11,51.639012095469816,51.639012095469816,51.639012095469816,51.639012095469816,1000000
2022-04-12,51.956150974270685,51.956150974270685,51.956150974270685,51.956150974270685,1000000
2022-04-13,52.52816002365507,52.52816002365507,52.52816002365507,52.52816002365507,1000000
2022-04-14,52.75246598625428,52.75246598625428,52.75246598625428,52.75246598625428,1000000
2022-04-15,52.60507424814834,52.60507424814834,52.60507424814834,52.60507424814834,1000000
2022-04-18,52.81138727785486,52.81138727785486,52.81138727785486,52.81138727785486,1000000
2022-04-19,52.297746262046644,52.297746262046644,52.297746262046644,52.297746262046644,1000000
2022-04-20,51.45603530464539,51.45603530464539,51.45603530464539,51.45603530464539,1000000
2022-04-21,51.77026279181934,51.77026279181934,51.77026279181934,51.77026279181934,1000000
2022-04-22,51.757247575451174,51.757247575451174,51.757247575451174,51.757247575451174,1000000
2022-04-25,51.932399083614975,51.932399083614975,51.932399083614975,51.932399083614975,1000000
2022-04-26,51.06633058432981,51.06633058432981,51.06633058432981,51.06633058432981,1000000
2022-04-27,50.89520014862907,50.89520014862907,50.89520014862907,50.89520014862907,1000000
2022-04-28,50.60517023003421,50.60517023003421,50.60517023003421,50.60517023003421,1000000
2022-04-29,50.18301576929216,50.18301576929216,50.18301576929216,50.18301576929216,1000000
2022-05-02,49.06643613772999,49.06643613772999,49.06643613772999,49.06643613772999,1000000
2022-05-03,48.91684558531634,48.91684558531634,48.91684558531634,48.91684558531634,1000000
2022-05-04,49.37045359206461,49.37045359206461,49.37045359206461,49.37045359206461,1000000
2022-05-05,49.57336503160179,49.57336503160179,49.57336503160179,49.57336503160179,1000000
2022-05-06,49.29032758465661,49.29032758465661,49.29032758465661,49.29032758465661,1000000
2022-05-09,49.29778226777417,49.29778226777417,49.29778226777417,49.29778226777417,1000000
2022-05-10,49.68565725821257,49.68565725821257,49.68565725821257,49.68565725821257,1000000
2022-05-11,48.3290311972572,48.3290311972572,48.3290311972572,48.3290311972572,1000000
2022-05-12,48.28334260005821,48.28334260005821,48.28334260005821,48.28334260005821,1000000
2022-05-13,48.56010279090586,48.56010279090586,48.56010279090586,48.56010279090586,1000000
2022-05-16,48.90591318332304,48.90591318332304,48.90591318332304,48.90591318332304,1000000
2022-05-17,49.752342595800904,49.752342595800904,49.752342595800904,49.752342595800904,1000000
2022-05-18,50.33198011346256,50.33198011346256,50.33198011346256,50.33198011346256,1000000
2022-05-19,50.50439877132315,50.50439877132315,50.50439877132315,50.50439877132315,1000000
2022-05-20,50.6720612572768,50.6720612572768,50.6720612572768,50.6720612572768,1000000
2022-05-23,51.086024304451094,51.086024304451094,51.086024304451094,51.086024304451094,1000000
2022-05-24,50.825829392127886,50.825829392127886,50.825829392127886,50.825829392127886,1000000
2022-05-25,50.82065122870409,50.82065122870409,50.82065122870409,50.82065122870409,1000000
2022-05-26,51.29645398712572,51.29645398712572,51.29645398712572,51.29645398712572,1000000
2022-05-27,52.315942907303715,52.315942907303715,52.315942907303715,52.315942907303715,1000000
2022-05-30,52.24831549743929,52.24831549743929,52.24831549743929,52.24831549743929,1000000
2022-05-31,52.23870144722452,52.23870144722452,52.23870144722452,52.23870144722452,1000000
2022-06-01,52.3580565335233,52.3580565335233,52.3580565335233,52.3580565335233,1000000
2022-06-02,53.077039299952474,53.077039299952474,53.077039299952474,53.077039299952474,1000000
2022-06-03,53.07687300768333,53.07687300768333,53.07687300768333,53.07687300768333,1000000
2022-06-06,53.87268589940034,53.87268589940034,53.87268589940034,53.87268589940034,1000000
2022-06-07,53.36808349870089,53.36808349870089,53.36808349870089,53.36808349870089,1000000
2022-06-08,53.28480991810369,53.28480991810369,53.28480991810369,53.28480991810369,1000000
2022-06-09,53.195203434015326,53.195203434015326,53.195203434015326,53.195203434015326,1000000
2022-06-10,53.62954531499868,53.62954531499868,53.62954531499868,53.62954531499868,1000000
2022-06-13,54.206202566124475,54.206202566124475,54.206202566124475,54.206202566124475,1000000
2022-06-14,53.40425196050981,53.40425196050981,53.40425196050981,53.40425196050981,1000000
2022-06-15,52.9315615134747,52.9315615134747,52.9315615134747,52.9315615134747,1000000
2022-06-16,53.12574225894197,53.12574225894197,53.12574225894197,53.12574225894197,1000000
2022-06-17,52.791744093030324,52.791744093030324,52.791744093030324,52.791744093030324,1000000
2022-06-20,52.00386544093711,52.00386544093711,52.00386544093711,52.00386544093711,1000000
2022-06-21,52.559516327851576,52.559516327851576,52.559516327851576,52.559516327851576,1000000
2022-06-22,52.83491246978538,52.83491246978538,52.83491246978538,52.83491246978538,1000000
2022-06-23,53.11133284231337,53.11133284231337,53.11133284231337,53.11133284231337,1000000
2022-06-24,52.87475068521985,52.87475068521985,52.87475068521985,52.87475068521985,1000000
2022-06-27,53.43466175171324,53.43466175171324,53.43466175171324,53.43466175171324,1000000
2022-06-28,53.322470337808504,53.322470337808504,53.322470337808504,53.322470337808504,1000000
2022-06-29,53.92311345470026,53.92311345470026,53.92311345470026,53.92311345470026,1000000
2022-06-30,53.4476921550669,53.4476921550669,53.4476921550669,53.4476921550669,1000000
2022-07-01,53.00721077804808,53.00721077804808,53.00721077804808,53.00721077804808,1000000
2022-07-04,53.13159920070814,53.13159920070814,53.13159920070814,53.13159920070814,1000000
2022-07-05,52.77437837970572,52.77437837970572,52.77437837970572,52.77437837970572,1000000
2022-07-06,53.146675794227136,53.146675794227136,53.146675794227136,53.146675794227136,1000000
2022-07-07,53.3008477871182,53.3008477871182,53.3008477871182,53.3008477871182,1000000
2022-07-08,52.82488655750222,52.82488655750222,52.82488655750222,52.82488655750222,1000000
2022-07-11,52.87922519450816,52.87922519450816,52.87922519450816,52.87922519450816,1000000
2022-07-12,52.70933604227185,52.70933604227185,52.70933604227185,52.70933604227185,1000000
2022-07-13,53.207878246600906,53.207878246600906,53.207878246600906,53.207878246600906,1000000
2022-07-14,52.887272588940185,52.887272588940185,52.887272588940185,52.887272588940185,1000000
2022-07-15,52.67087209857684,52.67087209857684,52.67087209857684,52.67087209857684,1000000
2022-07-18,53.32464240144794,53.32464240144794,53.32464240144794,53.32464240144794,1000000
2022-07-19,54.5343617138044,54.5343617138044,54.5343617138044,54.5343617138044,1000000
2022-07-20,55.640868637958896,55.640868637958896,55.640868637958896,55.640868637958896,1000000
2022-07-21,55.69273873141732,55.69273873141732,55.69273873141732,55.69273873141732,1000000
2022-07-22,55.83133273324565,55.83133273324565,55.83133273324565,55.83133273324565,1000000
2022-07-25,56.70423254113144,56.70423254113144,56.70423254113144,56.70423254113144,1000000
2022-07-26,56.65068400899871,56.65068400899871,56.65068400899871,56.65068400899871,1000000
2022-07-27,56.11457074969714,56.11457074969714,56.11457074969714,56.11457074969714,1000000
2022-07-28,56.19698936073456,56.19698936073456,56.19698936073456,56.19698936073456,1000000
2022-07-29,56.46758729466035,56.46758729466035,56.46758729466035,56.46758729466035,1000000
2022-08-01,56.016326786603884,56.016326786603884,56.016326786603884,56.016326786603884,1000000
2022-08-02,55.110973468754864,55.110973468754864,55.110973468754864,55.110973468754864,1000000
2022-08-03,54.33571113921181,54.33571113921181,54.33571113921181,54.33571113921181,1000000
2022-08-04,54.71357758623717,54.71357758623717,54.71357758623717,54.71357758623717,1000000
2022-08-05,54.315056735864964,54.315056735864964,54.315056735864964,54.315056735864964,1000000
2022-08-08,54.25457849946985,54.25457849946985,54.25457849946985,54.25457849946985,1000000
2022-08-09,54.38617769127121,54.38617769127121,54.38617769127121,54.38617769127121,1000000
2022-08-10,54.739220603242345,54.739220603242345,54.739220603242345,54.739220603242345,1000000
2022-08-11,54.57231918762911,54.57231918762911,54.57231918762911,54.57231918762911,1000000
2022-08-12,54.860851607290506,54.860851607290506,54.860851607290506,54.860851607290506,1000000
2022-08-15,54.389015206696854,54.389015206696854,54.389015206696854,54.389015206696854,1000000
2022-08-16,54.2085992148281,54.2085992148281,54.2085992148281,54.2085992148281,1000000
2022-08-17,53.6695404543144,53.6695404543144,53.6695404543144,53.6695404543144,1000000
2022-08-18,54.293055580484726,54.293055580484726,54.293055580484726,54.293055580484726,1000000
2022-08-19,54.29463918509146,54.29463918509146,54.29463918509146,54.29463918509146,1000000
2022-08-22,53.90952324396976,53.90952324396976,53.90952324396976,53.90952324396976,1000000
2022-08-23,53.73573414455982,53.73573414455982,53.73573414455982,53.73573414455982,1000000
2022-08-24,53.632707437878956,53.632707437878956,53.632707437878956,53.632707437878956,1000000
2022-08-25,54.024504980336104,54.024504980336104,54.024504980336104,54.024504980336104,1000000
2022-08-26,53.17867778527848,53.17867778527848,53.17867778527848,53.17867778527848,1000000
2022-08-29,52.643059036126004,52.643059036126004,52.643059036126004,52.643059036126004,1000000
2022-08-30,52.45980473017956,52.45980473017956,52.45980473017956,52.45980473017956,1000000
2022-08-31,53.80398536663955,53.80398536663955,53.80398536663955,53.80398536663955,1000000
2022-09-01,54.334319893739526,54.334319893739526,54.334319893739526,54.334319893739526,1000000
2022-09-02,54.290063677841694,54.290063677841694,54.290063677841694,54.290063677841694,1000000
2022-09-05,54.69289572362186,54.69289572362186,54.69289572362186,54.69289572362186,1000000
2022-09-06,55.83457501117495,55.83457501117495,55.83457501117495,55.83457501117495,1000000
2022-09-07,55.72081545554883,55.72081545554883,55.72081545554883,55.72081545554883,1000000
2022-09-08,55.53336319691638,55.53336319691638,55.53336319691638,55.53336319691638,1000000
2022-09-09,56.22305621547446,56.22305621547446,56.22305621547446,56.22305621547446,1000000
2022-09-12,56.51776370045749,56.51776370045749,56.51776370045749,56.51776370045749,1000000
2022-09-13,56.91414151593565,56.91414151593565,56.91414151593565,56.91414151593565,1000000
2022-09-14,56.64196534284819,56.64196534284819,56.64196534284819,56.64196534284819,1000000
2022-09-15,57.74886440379861,57.74886440379861,57.74886440379861,57.74886440379861,1000000
2022-09-16,58.753458336991905,58.753458336991905,58.753458336991905,58.753458336991905,1000000
2022-09-19,59.10359827283747,59.10359827283747,59.10359827283747,59.10359827283747,1000000
2022-09-20,59.525769269279714,59.525769269279714,59.525769269279714,59.525769269279714,1000000
2022-09-21,58.33688437076272,58.33688437076272,58.33688437076272,58.33688437076272,1000000
2022-09-22,58.72640546092745,58.72640546092745,58.72640546092745,58.72640546092745,1000000
2022-09-23,58.63003038659731,58.63003038659731,58.63003038659731,58.63003038659731,1000000
2022-09-26,58.90201844288955,58.90201844288955,58.90201844288955,58.90201844288955,1000000
2022-09-27,59.321671417053246,59.321671417053246,59.321671417053246,59.321671417053246,1000000
2022-09-28,59.137007937227715,59.137007937227715,59.137007937227715,59.137007937227715,1000000
2022-09-29,58.15504868325485,58.15504868325485,58.15504868325485,58.15504868325485,1000000
2022-09-30,58.386432830272064,58.386432830272064,58.386432830272064,58.386432830272064,1000000
2022-10-03,57.97108129187441,57.97108129187441,57.97108129187441,57.97108129187441,1000000
2022-10-04,57.797055530347784,57.797055530347784,57.797055530347784,57.797055530347784,1000000
2022-10-05,57.46500575672935,57.46500575672935,57.46500575672935,57.46500575672935,1000000
2022-10-06,57.285959593010475,57.285959593010475,57.285959593010475,57.285959593010475,1000000
2022-10-07,55.9801141385169,55.9801141385169,55.9801141385169,55.9801141385169,1000000
2022-10-10,56.67815656358807,56.67815656358807,56.67815656358807,56.67815656358807,1000000
2022-10-11,56.83875191108149,56.83875191108149,56.83875191108149,56.83875191108149,1000000
2022-10-12,57.48750900644686,57.48750900644686,57.48750900644686,57.48750900644686,1000000
2022-10-13,58.64291700937419,58.64291700937419,58.64291700937419,58.64291700937419,1000000
2022-10-14,58.673759150591295,58.673759150591295,58.673759150591295,58.673759150591295,1000000
2022-10-17,57.63380417074164,57.63380417074164,57.63380417074164,57.63380417074164,1000000
2022-10-18,57.13591331513709,57.13591331513709,57.13591331513709,57.13591331513709,1000000
2022-10-19,56.46347819112998,56.46347819112998,56.46347819112998,56.46347819112998,1000000
2022-10-20,56.19704135490833,56.19704135490833,56.19704135490833,56.19704135490833,1000000
2022-10-21,56.25866027448689,56.25866027448689,56.25866027448689,56.25866027448689,1000000
2022-10-24,55.1491341399556,55.1491341399556,55.1491341399556,55.1491341399556,1000000
2022-10-25,55.354551149417,55.354551149417,55.354551149417,55.354551149417,1000000
2022-10-26,54.53510636858007,54.53510636858007,54.53510636858007,54.53510636858007,1000000
2022-10-27,54.71363536286184,54.71363536286184,54.71363536286184,54.71363536286184,1000000
2022-10-28,54.67014286754394,54.67014286754394,54.67014286754394,54.67014286754394,1000000
2022-10-31,54.515081263860374,54.515081263860374,54.515081263860374,54.515081263860374,1000000
2022-11-01,54.49161630693552,54.49161630693552,54.49161630693552,54.49161630693552,1000000
2022-11-02,54.213830026585896,54.213830026585896,54.213830026585896,54.213830026585896,1000000
2022-11-03,53.898049948305356,53.898049948305356,53.898049948305356,53.898049948305356,1000000
2022-11-04,53.00724648323103,53.00724648323103,53.00724648323103,53.00724648323103,1000000
2022-11-07,53.007444033367456,53.007444033367456,53.007444033367456,53.007444033367456,1000000
2022-11-08,54.00161651535306,54.00161651535306,54.00161651535306,54.00161651535306,1000000
2022-11-09,55.08731634927211,55.08731634927211,55.08731634927211,55.08731634927211,1000000
2022-11-10,55.831996385145956,55.831996385145956,55.831996385145956,55.831996385145956,1000000
2022-11-11,56.242809108335244,56.242809108335244,56.242809108335244,56.242809108335244,1000000
2022-11-14,55.879210526225606,55.879210526225606,55.879210526225606,55.879210526225606,1000000
2022-11-15,56.702172039699626,56.702172039699626,56.702172039699626,56.702172039699626,1000000
2022-11-16,56.68735714883074,56.68735714883074,56.68735714883074,56.68735714883074,1000000
2022-11-17,56.66531964976792,56.66531964976792,56.66531964976792,56.66531964976792,1000000
2022-11-18,56.51729446049928,56.51729446049928,56.51729446049928,56.51729446049928,1000000
2022-11-21,56.586224026097064,56.586224026097064,56.586224026097064,56.586224026097064,1000000
2022-11-22,56.356928214097316,56.356928214097316,56.356928214097316,56.356928214097316,1000000
2022-11-23,56.32661823551173,56.32661823551173,56.32661823551173,56.32661823551173,1000000
2022-11-24,55.73259822162382,55.73259822162382,55.73259822162382,55.73259822162382,1000000
2022-11-25,55.541065509827234,55.541065509827234,55.541065509827234,55.541065509827234,1000000
2022-11-28,56.82437319244362,56.82437319244362,56.82437319244362,56.82437319244362,1000000
2022-11-29,56.80187413423261,56.80187413423261,56.80187413423261,56.80187413423261,1000000
2022-11-30,56.68335102286317,56.68335102286317,56.68335102286317,56.68335102286317,1000000
2022-12-01,57.002123609550594,57.002123609550594,57.002123609550594,57.002123609550594,1000000
2022-12-02,57.422868722747054,57.422868722747054,57.422868722747054,57.422868722747054,1000000
2022-12-05,56.80053755348666,56.80053755348666,56.80053755348666,56.80053755348666,1000000
2022-12-06,56.69991041253121,56.69991041253121,56.69991041253121,56.69991041253121,1000000
2022-12-07,57.2375819648049,57.2375819648049,57.2375819648049,57.2375819648049,1000000
2022-12-08,57.40920177350638,57.40920177350638,57.40920177350638,57.40920177350638,1000000
2022-12-09,57.49643737694331,57.49643737694331,57.49643737694331,57.49643737694331,1000000
2022-12-12,58.40719110381465,58.40719110381465,58.40719110381465,58.40719110381465,1000000
2022-12-13,58.02884523017347,58.02884523017347,58.02884523017347,58.02884523017347,1000000
2022-12-14,58.09427037114885,58.09427037114885,58.09427037114885,58.09427037114885,1000000
2022-12-15,57.80957436517833,57.80957436517833,57.80957436517833,57.80957436517833,1000000
2022-12-16,58.68845808144609,58.68845808144609,58.68845808144609,58.68845808144609,1000000
2022-12-19,57.56054784663277,57.56054784663277,57.56054784663277,57.56054784663277,1000000
2022-12-20,57.19207877971759,57.19207877971759,57.19207877971759,57.19207877971759,1000000
2022-12-21,56.90660053447246,56.90660053447246,56.90660053447246,56.90660053447246,1000000
2022-12-22,57.301270357378996,57.301270357378996,57.301270357378996,57.301270357378996,1000000
2022-12-23,57.665864288162226,57.665864288162226,57.665864288162226,57.665864288162226,1000000
2022-12-26,58.48771487611417,58.48771487611417,58.48771487611417,58.48771487611417,1000000
2022-12-27,57.584645349694355,57.584645349694355,57.584645349694355,57.584645349694355,1000000
2022-12-28,58.034079115687554,58.034079115687554,58.034079115687554,58.034079115687554,1000000
2022-12-29,57.881287070950805,57.881287070950805,57.881287070950805,57.881287070950805,1000000
2022-12-30,57.513379002677986,57.513379002677986,57.513379002677986,57.513379002677986,1000000
